FIPS,County,State,Latitude,Longitude,Date,Confirmed,Deaths
36061.0,New York,New York,40.76727260000001,-73.97152637,2020-07-27,224051,23500
6037.0,Los Angeles,California,34.30828379,-118.2282411,2020-07-27,176028,4375
4013.0,Maricopa,Arizona,33.34835867,-112.4918154,2020-07-27,109988,1807
12086.0,Miami-Dade,Florida,25.6112362,-80.55170587,2020-07-27,107315,1404
17031.0,Cook,Illinois,41.84144849,-87.81658794,2020-07-27,103008,4842
48201.0,Harris,Texas,29.85864939,-95.39339521,2020-07-27,66190,655
12011.0,Broward,Florida,26.15184651,-80.48725556,2020-07-27,50784,607
48113.0,Dallas,Texas,32.76670599,-96.7779605,2020-07-27,47239,607
36059.0,Nassau,New York,40.74066522,-73.58941873,2020-07-27,43017,2193
36103.0,Suffolk,New York,40.88320119,-72.8012172,2020-07-27,42967,1996
32003.0,Clark,Nevada,36.21458855,-115.0130241,2020-07-27,37492,606
48029.0,Bexar,Texas,29.44928723,-98.52019748,2020-07-27,36438,480
36119.0,Westchester,New York,41.16278376,-73.75741653,2020-07-27,35799,1443
6059.0,Orange,California,33.70147516,-117.76459979999998,2020-07-27,34646,566
6065.0,Riverside,California,33.74314981,-115.9933578,2020-07-27,33467,637
12099.0,Palm Beach,Florida,26.64676272,-80.46536002,2020-07-27,30958,758
42101.0,Philadelphia,Pennsylvania,40.00338507,-75.1379271,2020-07-27,29803,1678
6071.0,San Bernardino,California,34.84060306,-116.1774685,2020-07-27,27992,383
6073.0,San Diego,California,33.03484597,-116.7365326,2020-07-27,27507,533
12057.0,Hillsborough,Florida,27.9276559,-82.32013172,2020-07-27,27483,298
12095.0,Orange,Florida,28.51367621,-81.31799498,2020-07-27,27393,174
26163.0,Wayne,Michigan,42.28098405,-83.281255,2020-07-27,26161,2783
48439.0,Tarrant,Texas,32.77143818,-97.29101614,2020-07-27,25499,338
25017.0,Middlesex,Massachusetts,42.48607732,-71.39049229,2020-07-27,25396,1959
24033.0,Prince George's,Maryland,38.83070039,-76.8496441,2020-07-27,21770,730
25025.0,Suffolk,Massachusetts,42.3279514,-71.07850442,2020-07-27,20914,1048
34003.0,Bergen,New Jersey,40.96010917,-74.07164325,2020-07-27,20280,2045
12031.0,Duval,Florida,30.33225875,-81.66976468,2020-07-27,20001,143
48453.0,Travis,Texas,30.33432034,-97.7853562,2020-07-27,19480,204
37119.0,Mecklenburg,North Carolina,35.24469268,-80.8317671,2020-07-27,19480,188
34017.0,Hudson,New Jersey,40.73766234,-74.07515667,2020-07-27,19387,1502
34013.0,Essex,New Jersey,40.78681335,-74.24657979,2020-07-27,19335,2103
47157.0,Shelby,Tennessee,35.1864775,-89.89692423,2020-07-27,18654,264
55079.0,Milwaukee,Wisconsin,43.00486062,-87.96733172,2020-07-27,18302,427
49035.0,Salt Lake,Utah,40.66616532,-111.9216011,2020-07-27,18280,160
47037.0,Davidson,Tennessee,36.17007426,-86.78646056,2020-07-27,18136,188
34023.0,Middlesex,New Jersey,40.43629879,-74.41426991,2020-07-27,17557,1404
9001.0,Fairfield,Connecticut,41.26809896,-73.3881171,2020-07-27,17459,1402
34031.0,Passaic,New Jersey,41.03238628,-74.29954144,2020-07-27,17327,1247
24031.0,Montgomery,Maryland,39.13676329,-77.20358245,2020-07-27,17164,787
25009.0,Essex,Massachusetts,42.6687626,-70.94687179,2020-07-27,16990,1169
27053.0,Hennepin,Minnesota,45.00761521,-93.47694895,2020-07-27,16506,807
34039.0,Union,New Jersey,40.65835409,-74.30680092,2020-07-27,16376,1347
13121.0,Fulton,Georgia,33.79216944,-84.46319413,2020-07-27,16073,371
39049.0,Franklin,Ohio,39.96995815,-83.01115755,2020-07-27,15862,494
48215.0,Hidalgo,Texas,26.39418217,-98.18299696,2020-07-27,15749,467
13135.0,Gwinnett,Georgia,33.96044201,-84.02137802,2020-07-27,15534,216
51059.0,Fairfax,Virginia,38.83677558,-77.27565836,2020-07-27,15455,517
12103.0,Pinellas,Florida,27.93130349,-82.72239666,2020-07-27,15339,378
4019.0,Pima,Arizona,32.0971334,-111.7890033,2020-07-27,15109,418
6029.0,Kern,California,35.34329425,-118.7277796,2020-07-27,15003,123
80013.0,Out of GA,Georgia,0.0,0.0,2020-07-27,14936,0
53033.0,King,Washington,47.49137892,-121.8346131,2020-07-27,14579,645
12071.0,Lee,Florida,26.58410348,-81.88399313,2020-07-27,14540,259
26125.0,Oakland,Michigan,42.66090111,-83.38595416,2020-07-27,14111,1127
44007.0,Providence,Rhode Island,41.87064746,-71.57753536,2020-07-27,14033,0
36087.0,Rockland,New York,41.15027894,-74.02560498,2020-07-27,13841,673
18097.0,Marion,Indiana,39.78163624,-86.13826325,2020-07-27,13818,713
22051.0,Jefferson,Louisiana,29.74075478,-90.11115756,2020-07-27,13680,510
48141.0,El Paso,Texas,31.76980765,-106.2363275,2020-07-27,13240,216
25027.0,Worcester,Massachusetts,42.35026951,-71.90493363,2020-07-27,13140,980
9009.0,New Haven,Connecticut,41.4080325,-72.93620426,2020-07-27,12941,1097
6019.0,Fresno,California,36.75733899,-119.6466953,2020-07-27,12564,112
9003.0,Hartford,Connecticut,41.80283011,-72.73103891,2020-07-27,12390,1410
39035.0,Cuyahoga,Ohio,41.424119,-81.65918339,2020-07-27,11788,454
11001.0,District of Columbia,District of Columbia,38.90417773,-77.01655992,2020-07-27,11780,581
12105.0,Polk,Florida,27.95027105,-81.69732947,2020-07-27,11717,220
17097.0,Lake,Illinois,42.3224907,-88.00367925,2020-07-27,11523,439
29189.0,St. Louis,Missouri,38.63770039999999,-90.4458375,2020-07-27,11507,636
13089.0,DeKalb,Georgia,33.76944049,-84.22396017,2020-07-27,11281,207
24005.0,Baltimore,Maryland,39.45784712,-76.62911955,2020-07-27,11124,528
36071.0,Orange,New York,41.40337468,-74.30240757,2020-07-27,11010,489
17043.0,DuPage,Illinois,41.85116968,-88.08642662,2020-07-27,10953,509
45019.0,Charleston,South Carolina,32.82487866,-79.96512315,2020-07-27,10740,135
6077.0,San Joaquin,California,37.93433732,-121.2730061,2020-07-27,10675,118
48355.0,Nueces,Texas,27.736286,-97.5433285,2020-07-27,10647,148
24510.0,Baltimore City,Maryland,39.30211911,-76.61151012,2020-07-27,10579,401
6001.0,Alameda,California,37.64629437,-121.8929271,2020-07-27,10438,178
4027.0,Yuma,Arizona,32.76895712,-113.90666740000002,2020-07-27,10434,221
1073.0,Jefferson,Alabama,33.55554728,-86.89506300000002,2020-07-27,10420,203
37183.0,Wake,North Carolina,35.78879266,-78.65249174,2020-07-27,10240,113
13067.0,Cobb,Georgia,33.94243204,-84.5761255,2020-07-27,10240,288
34029.0,Ocean,New Jersey,39.8895449,-74.28089251,2020-07-27,10238,1012
25021.0,Norfolk,Massachusetts,42.16073095,-71.20530408,2020-07-27,10013,977
22071.0,Orleans,Louisiana,30.06971951,-89.92660315,2020-07-27,10011,552
22033.0,East Baton Rouge,Louisiana,30.53842039,-91.09777565,2020-07-27,9985,310
34025.0,Monmouth,New Jersey,40.26549699,-74.22240686,2020-07-27,9908,855
31055.0,Douglas,Nebraska,41.29518299,-96.15085305,2020-07-27,9712,121
53077.0,Yakima,Washington,46.45738486,-120.7380126,2020-07-27,9700,197
42091.0,Montgomery,Pennsylvania,40.21053671,-75.36652296,2020-07-27,9555,844
45045.0,Greenville,South Carolina,34.89502264,-82.37295012,2020-07-27,9481,157
8031.0,Denver,Colorado,39.76018276,-104.8725695,2020-07-27,9256,405
6085.0,Santa Clara,California,37.23104908,-121.6970462,2020-07-27,9215,184
6025.0,Imperial,California,33.0393082,-115.3669042,2020-07-27,9162,181
19153.0,Polk,Iowa,41.68679484,-93.57767461,2020-07-27,9109,193
6067.0,Sacramento,California,38.45106826,-121.3425374,2020-07-27,9018,114
25023.0,Plymouth,Massachusetts,41.94070556,-70.80802823,2020-07-27,9000,705
26099.0,Macomb,Michigan,42.69158356,-82.92752801,2020-07-27,8983,937
25005.0,Bristol,Massachusetts,41.79228404,-71.10872211,2020-07-27,8907,617
12021.0,Collier,Florida,26.11091986,-81.34687065,2020-07-27,8870,118
17089.0,Kane,Illinois,41.93842729,-88.42861412,2020-07-27,8782,293
39061.0,Hamilton,Ohio,39.19673558,-84.54502924,2020-07-27,8591,233
51153.0,Prince William,Virginia,38.70916224,-77.48713689,2020-07-27,8580,167
6107.0,Tulare,California,36.22026558,-118.8020203,2020-07-27,8534,172
42045.0,Delaware,Pennsylvania,39.91680171,-75.40243663,2020-07-27,8371,681
36029.0,Erie,New York,42.76249024,-78.73063652,2020-07-27,8327,663
48167.0,Galveston,Texas,29.40167322,-94.90469073,2020-07-27,8205,73
17197.0,Will,Illinois,41.44619267,-87.97862712,2020-07-27,8148,338
34007.0,Camden,New Jersey,39.80343818,-74.96388753,2020-07-27,8130,566
40109.0,Oklahoma,Oklahoma,35.55140095,-97.40716948,2020-07-27,8019,89
6099.0,Stanislaus,California,37.55862499,-120.9970722,2020-07-27,7994,90
12081.0,Manatee,Florida,27.47196942,-82.31831044,2020-07-27,7982,156
34021.0,Mercer,New Jersey,40.28047017,-74.70479631,2020-07-27,7934,612
40143.0,Tulsa,Oklahoma,36.11939621,-95.94013939,2020-07-27,7912,90
48061.0,Cameron,Texas,26.14524221,-97.48140372,2020-07-27,7827,272
12097.0,Osceola,Florida,28.06312234,-81.14882926,2020-07-27,7728,53
4021.0,Pinal,Arizona,32.90525627,-111.3449483,2020-07-27,7561,122
45051.0,Horry,South Carolina,33.9212828,-78.99555293,2020-07-27,7553,106
42003.0,Allegheny,Pennsylvania,40.46809875,-79.98167747,2020-07-27,7474,218
1097.0,Mobile,Alabama,30.78472347,-88.20842409,2020-07-27,7361,176
25013.0,Hampden,Massachusetts,42.13440424,-72.63235561,2020-07-27,7309,688
49049.0,Utah,Utah,40.1166722,-111.6657662,2020-07-27,7296,31
16001.0,Ada,Idaho,43.4526575,-116.24155159999998,2020-07-27,7203,47
12033.0,Escambia,Florida,30.67652764,-87.37284571,2020-07-27,7158,82
45079.0,Richland,South Carolina,34.01791263,-80.90267209,2020-07-27,7092,127
34027.0,Morris,New Jersey,40.86095313,-74.54553709999998,2020-07-27,7076,828
6013.0,Contra Costa,California,37.91923498,-121.9289527,2020-07-27,7073,104
26081.0,Kent,Michigan,43.03197711,-85.54934642,2020-07-27,6823,152
18089.0,Lake,Indiana,41.41874274,-87.38277575,2020-07-27,6731,265
42017.0,Bucks,Pennsylvania,40.33682119,-75.10836643,2020-07-27,6718,574
48157.0,Fort Bend,Texas,29.52704478,-95.77219463,2020-07-27,6679,90
8005.0,Arapahoe,Colorado,39.64977461,-104.3353617,2020-07-27,6570,360
10003.0,New Castle,Delaware,39.57992638,-75.64054974,2020-07-27,6560,284
24003.0,Anne Arundel,Maryland,39.00670238,-76.60329337,2020-07-27,6469,214
6111.0,Ventura,California,34.44465746,-119.0910613,2020-07-27,6392,67
27123.0,Ramsey,Minnesota,45.01625271,-93.09872295,2020-07-27,6347,254
12127.0,Volusia,Florida,29.05858895,-81.18263252,2020-07-27,6341,100
21111.0,Jefferson,Kentucky,38.18664655,-85.65931031,2020-07-27,6320,227
48121.0,Denton,Texas,33.20521901,-97.11691153,2020-07-27,6121,67
12117.0,Seminole,Florida,28.7158582,-81.24060348,2020-07-27,6116,68
6075.0,San Francisco,California,37.75215114,-122.4385672,2020-07-27,6022,56
12101.0,Pasco,Florida,28.30810945,-82.40227529,2020-07-27,5911,68
22055.0,Lafayette,Louisiana,30.2049055,-92.06959876,2020-07-27,5888,78
48085.0,Collin,Texas,33.18820114,-96.57264368,2020-07-27,5789,65
48339.0,Montgomery,Texas,30.30079133,-95.50572772,2020-07-27,5780,54
1101.0,Montgomery,Alabama,32.2206831,-86.20969272,2020-07-27,5768,138
22017.0,Caddo,Louisiana,32.57991587,-93.88375652,2020-07-27,5745,266
5143.0,Washington,Arkansas,35.976844,-94.21800746,2020-07-27,5729,40
34005.0,Burlington,New Jersey,39.87681124,-74.66927768,2020-07-27,5642,470
22019.0,Calcasieu,Louisiana,30.22931235,-93.35400434,2020-07-27,5626,107
8001.0,Adams,Colorado,39.87432092,-104.3362578,2020-07-27,5626,167
6083.0,Santa Barbara,California,34.65329488,-120.0188492,2020-07-27,5576,32
48039.0,Brazoria,Texas,29.18757369,-95.44563172,2020-07-27,5573,50
37063.0,Durham,North Carolina,36.03638492,-78.87608331,2020-07-27,5535,76
10005.0,Sussex,Delaware,38.66143781,-75.39031349,2020-07-27,5529,190
47149.0,Rutherford,Tennessee,35.84591405,-86.4107263,2020-07-27,5514,48
48491.0,Williamson,Texas,30.64655664,-97.6004854,2020-07-27,5366,99
42071.0,Lancaster,Pennsylvania,40.03904563,-76.24770128,2020-07-27,5328,401
12115.0,Sarasota,Florida,27.18546175,-82.33174248,2020-07-27,5168,115
47065.0,Hamilton,Tennessee,35.17670231,-85.16652245,2020-07-27,5158,44
34035.0,Somerset,New Jersey,40.56465737,-74.61683016,2020-07-27,5139,557
6081.0,San Mateo,California,37.4228808,-122.32755459999998,2020-07-27,5124,117
48303.0,Lubbock,Texas,33.61008596,-101.8204789,2020-07-27,5100,65
48479.0,Webb,Texas,27.7610369,-99.33237355,2020-07-27,5081,65
4017.0,Navajo,Arizona,35.3997715,-110.3218983,2020-07-27,5079,178
12009.0,Brevard,Florida,28.29409504,-80.73091022,2020-07-27,5069,65
48245.0,Jefferson,Texas,29.8832777,-94.16434171,2020-07-27,5064,57
42011.0,Berks,Pennsylvania,40.41570541,-75.92457766,2020-07-27,5044,362
,Kansas City,Missouri,39.0997,-94.5786,2020-07-27,4949,3
13139.0,Hall,Georgia,34.32207823,-83.81896936,2020-07-27,4924,71
51107.0,Loudoun,Virginia,39.08990083,-77.63481877,2020-07-27,4914,106
37081.0,Guilford,North Carolina,36.07959451,-79.78824948,2020-07-27,4789,139
53061.0,Snohomish,Washington,48.04615983,-121.7170703,2020-07-27,4788,183
32031.0,Washoe,Nevada,40.66562265,-119.6631594,2020-07-27,4788,107
42029.0,Chester,Pennsylvania,39.97291773,-75.74768357,2020-07-27,4709,343
42077.0,Lehigh,Pennsylvania,40.6154815,-75.59435245,2020-07-27,4703,335
6041.0,Marin,California,38.07122463,-122.7210631,2020-07-27,4637,58
28049.0,Hinds,Mississippi,32.2656285,-90.44435448,2020-07-27,4624,82
36055.0,Monroe,New York,43.14638895,-77.69322942,2020-07-27,4620,277
37067.0,Forsyth,North Carolina,36.12859861,-80.25459052,2020-07-27,4607,41
53053.0,Pierce,Washington,47.03892768,-122.1405958,2020-07-27,4556,121
12111.0,St. Lucie,Florida,27.37763908,-80.47106649,2020-07-27,4546,103
20091.0,Johnson,Kansas,38.88548175,-94.82250877,2020-07-27,4538,94
35001.0,Bernalillo,New Mexico,35.05163625,-106.6703554,2020-07-27,4466,113
36027.0,Dutchess,New York,41.76486060000001,-73.74356679,2020-07-27,4440,153
5119.0,Pulaski,Arkansas,34.77054088,-92.31355101,2020-07-27,4437,71
13051.0,Chatham,Georgia,32.00043026,-81.12489526,2020-07-27,4382,48
18039.0,Elkhart,Indiana,41.59761169,-85.85875695,2020-07-27,4378,71
22103.0,St. Tammany,Louisiana,30.40942847,-89.95642711,2020-07-27,4375,195
1089.0,Madison,Alabama,34.76327133,-86.55069633,2020-07-27,4332,21
5007.0,Benton,Arkansas,36.33644656,-94.25680817,2020-07-27,4263,35
16027.0,Canyon,Idaho,43.61970148,-116.7095499,2020-07-27,4255,30
45063.0,Lexington,South Carolina,33.89665987,-81.27146426,2020-07-27,4244,88
48209.0,Hays,Texas,30.05669873,-98.02944344,2020-07-27,4203,25
12069.0,Lake,Florida,28.76202069,-81.7125123,2020-07-27,4169,48
8041.0,El Paso,Colorado,38.83240149,-104.5251411,2020-07-27,4150,127
39095.0,Lucas,Ohio,41.62101218,-83.65468618,2020-07-27,4146,312
22073.0,Ouachita,Louisiana,32.47645559,-92.15704172,2020-07-27,4144,99
20209.0,Wyandotte,Kansas,39.11727348,-94.76378225,2020-07-27,4128,92
,Michigan Department of Corrections (MDOC),Michigan,0.0,0.0,2020-07-27,4124,68
6053.0,Monterey,California,36.21862405,-121.2413397,2020-07-27,4082,23
13063.0,Clayton,Georgia,33.54187245,-84.35594188,2020-07-27,4063,92
29510.0,St. Louis City,Missouri,38.63555736,-90.24349225,2020-07-27,4042,165
41051.0,Multnomah,Oregon,45.54747959,-122.4169351,2020-07-27,4039,82
46099.0,Minnehaha,South Dakota,43.67441641,-96.7910885,2020-07-27,4036,62
48309.0,McLennan,Texas,31.55255453,-97.20217694,2020-07-27,3986,27
35031.0,McKinley,New Mexico,35.58007720000001,-108.262245,2020-07-27,3921,215
13215.0,Muscogee,Georgia,32.50931999,-84.87142262,2020-07-27,3893,75
55025.0,Dane,Wisconsin,43.06601594,-89.41733797,2020-07-27,3870,34
12073.0,Leon,Florida,30.45955727,-84.27491114,2020-07-27,3868,14
6031.0,Kings,California,36.07409056,-119.8159973,2020-07-27,3842,47
55009.0,Brown,Wisconsin,44.4526553,-88.00411844,2020-07-27,3768,50
51041.0,Chesterfield,Virginia,37.37373208,-77.58680140000001,2020-07-27,3766,66
42095.0,Northampton,Pennsylvania,40.75182733,-75.30471829,2020-07-27,3758,289
51810.0,Virginia Beach,Virginia,36.73285734,-76.04566934,2020-07-27,3742,43
20173.0,Sedgwick,Kansas,37.6842718,-97.4608198,2020-07-27,3740,36
48041.0,Brazos,Texas,30.663644800000004,-96.30205577,2020-07-27,3724,40
8059.0,Jefferson,Colorado,39.58635604,-105.2517692,2020-07-27,3676,223
33011.0,Hillsborough,New Hampshire,42.91537785,-71.7200253,2020-07-27,3669,272
1125.0,Tuscaloosa,Alabama,33.28726072,-87.52556818,2020-07-27,3636,58
12083.0,Marion,Florida,29.21227113,-82.05803627,2020-07-27,3581,50
19193.0,Woodbury,Iowa,42.38979414,-96.0459439,2020-07-27,3569,47
39113.0,Montgomery,Ohio,39.75394919,-84.29050975,2020-07-27,3567,55
17201.0,Winnebago,Illinois,42.33641854,-89.16085327,2020-07-27,3539,118
27037.0,Dakota,Minnesota,44.67172617,-93.06299363,2020-07-27,3537,102
45015.0,Berkeley,South Carolina,33.20222596,-79.94654523,2020-07-27,3491,54
12085.0,Martin,Florida,27.0772071,-80.43109784,2020-07-27,3451,65
45083.0,Spartanburg,South Carolina,34.92960077,-81.99225984,2020-07-27,3450,75
8123.0,Weld,Colorado,40.55499405,-104.3929621,2020-07-27,3422,139
36067.0,Onondaga,New York,43.00491923,-76.19971155,2020-07-27,3398,194
18003.0,Allen,Indiana,41.09194313,-85.06800636,2020-07-27,3375,152
24027.0,Howard,Maryland,39.25305293,-76.93126208,2020-07-27,3373,102
51087.0,Henrico,Virginia,37.53460572,-77.39326555,2020-07-27,3371,178
48375.0,Potter,Texas,35.40133773,-101.893964,2020-07-27,3353,41
26049.0,Genesee,Michigan,43.02244215,-83.70589709,2020-07-27,3327,294
53063.0,Spokane,Washington,47.62113146,-117.4046494,2020-07-27,3319,50
34001.0,Atlantic,New Jersey,39.47538693,-74.65848483,2020-07-27,3271,240
6047.0,Merced,California,37.18922369,-120.7209035,2020-07-27,3245,27
47093.0,Knox,Tennessee,35.99508821,-83.94635435,2020-07-27,3240,26
53005.0,Benton,Washington,46.23946995,-119.5120834,2020-07-27,3203,106
17163.0,St. Clair,Illinois,38.46996033,-89.93063427,2020-07-27,3202,153
12001.0,Alachua,Florida,29.67866525,-82.35928158,2020-07-27,3186,20
42079.0,Luzerne,Pennsylvania,41.17823008,-75.98447579,2020-07-27,3156,183
34011.0,Cumberland,New Jersey,39.37199394,-75.10712559,2020-07-27,3144,155
6095.0,Solano,California,38.26827353,-121.9357113,2020-07-27,3129,35
45013.0,Beaufort,South Carolina,32.39226291,-80.72619758,2020-07-27,3101,35
48135.0,Ector,Texas,31.86898877,-102.5429428,2020-07-27,3095,42
55133.0,Waukesha,Wisconsin,43.01833055,-88.30431188,2020-07-27,3092,43
48027.0,Bell,Texas,31.03736027,-97.4785025,2020-07-27,3078,25
27003.0,Anoka,Minnesota,45.27476015,-93.24604565,2020-07-27,3050,112
53021.0,Franklin,Washington,46.53351425,-118.9018212,2020-07-27,3048,45
12005.0,Bay,Florida,30.26548745,-85.62122584,2020-07-27,3026,15
12109.0,St. Johns,Florida,29.90096506,-81.43589967,2020-07-27,2993,21
34015.0,Gloucester,New Jersey,39.71581067,-75.13995546,2020-07-27,2986,203
39153.0,Summit,Ohio,41.12464734,-81.53123079,2020-07-27,2951,214
55101.0,Racine,Wisconsin,42.74753117,-88.05941254,2020-07-27,2951,72
47187.0,Williamson,Tennessee,35.89099229,-86.89281867,2020-07-27,2943,21
4001.0,Apache,Arizona,35.39465006,-109.4892383,2020-07-27,2930,128
35045.0,San Juan,New Mexico,36.50838318,-108.320437,2020-07-27,2926,178
47165.0,Sumner,Tennessee,36.46824103,-86.45917204,2020-07-27,2925,68
24021.0,Frederick,Maryland,39.47296601,-77.39999394,2020-07-27,2909,120
90047.0,Unassigned,Tennessee,0.0,0.0,2020-07-27,2907,0
13245.0,Richmond,Georgia,33.35777107,-82.07026432,2020-07-27,2903,74
22105.0,Tangipahoa,Louisiana,30.62888673,-90.40664996,2020-07-27,2895,56
4005.0,Coconino,Arizona,35.83883429,-111.7707178,2020-07-27,2870,112
48469.0,Victoria,Texas,28.79780988,-96.96813006,2020-07-27,2870,23
19013.0,Black Hawk,Iowa,42.4704581,-92.30524729,2020-07-27,2868,62
45091.0,York,South Carolina,34.97281497,-81.18085944,2020-07-27,2858,24
18141.0,St. Joseph,Indiana,41.61756781,-86.29040834,2020-07-27,2830,76
39101.0,Marion,Ohio,40.58610662,-83.15736305,2020-07-27,2825,41
51013.0,Arlington,Virginia,38.8767675,-77.10139853,2020-07-27,2823,135
38017.0,Cass,North Dakota,46.93201724,-97.2444719,2020-07-27,2816,75
31109.0,Lancaster,Nebraska,40.78416049,-96.68777155,2020-07-27,2814,14
12113.0,Santa Rosa,Florida,30.69341450000001,-87.02458128,2020-07-27,2789,19
,Southwest Utah,Utah,37.85447192,-111.4418764,2020-07-27,2781,23
51710.0,Norfolk,Virginia,36.89934014,-76.26420872,2020-07-27,2779,20
29183.0,St. Charles,Missouri,38.77875681,-90.66662425,2020-07-27,2764,84
51760.0,Richmond City,Virginia,37.53255773,-77.47966921,2020-07-27,2762,36
49011.0,Davis,Utah,40.99001837,-112.1139997,2020-07-27,2743,11
22079.0,Rapides,Louisiana,31.19778499,-92.52997303,2020-07-27,2743,98
48471.0,Walker,Texas,30.73872995,-95.57440968,2020-07-27,2738,41
37071.0,Gaston,North Carolina,35.29373559,-81.17477045,2020-07-27,2736,25
51510.0,Alexandria,Virginia,38.814003,-77.08183073,2020-07-27,2735,57
27145.0,Stearns,Minnesota,45.55192576,-94.61078221,2020-07-27,2734,19
13021.0,Bibb,Georgia,32.80904227,-83.70489165,2020-07-27,2731,53
1003.0,Baldwin,Alabama,30.72774991,-87.72207058,2020-07-27,2727,17
13313.0,Whitfield,Georgia,34.80987459,-84.96093476,2020-07-27,2726,23
4015.0,Mohave,Arizona,35.70471703,-113.7577902,2020-07-27,2725,136
1095.0,Marshall,Alabama,34.36975964,-86.30486727,2020-07-27,2705,26
17111.0,McHenry,Illinois,42.32451172,-88.45248227,2020-07-27,2705,111
1117.0,Shelby,Alabama,33.26879845,-86.66232561,2020-07-27,2684,29
28033.0,DeSoto,Mississippi,34.87625235,-89.99091418,2020-07-27,2668,21
13185.0,Lowndes,Georgia,30.83568832,-83.27056716,2020-07-27,2668,25
37101.0,Johnston,North Carolina,35.51745004,-78.36622717,2020-07-27,2654,43
80047.0,Out of TN,Tennessee,0.0,0.0,2020-07-27,2631,0
13151.0,Henry,Georgia,33.4533428,-84.14814659999998,2020-07-27,2630,38
6097.0,Sonoma,California,38.52746429,-122.8862506,2020-07-27,2599,24
29095.0,Jackson,Missouri,39.01002188,-94.34724536,2020-07-27,2591,56
12019.0,Clay,Florida,29.98319144,-81.85609986,2020-07-27,2577,47
42043.0,Dauphin,Pennsylvania,40.41377078,-76.77993242,2020-07-27,2559,153
41067.0,Washington,Oregon,45.55972701,-123.0955257,2020-07-27,2553,22
45041.0,Florence,South Carolina,34.02361754,-79.70189312,2020-07-27,2544,86
37179.0,Union,North Carolina,34.98960527,-80.52955873,2020-07-27,2533,37
22109.0,Terrebonne,Louisiana,29.37343766,-90.82626855,2020-07-27,2519,72
4023.0,Santa Cruz,Arizona,31.52508998,-110.8479088,2020-07-27,2517,49
45035.0,Dorchester,South Carolina,33.0794369,-80.40502652,2020-07-27,2481,33
13057.0,Cherokee,Georgia,34.24393976,-84.47431861,2020-07-27,2481,52
13095.0,Dougherty,Georgia,31.53328528,-84.21722377,2020-07-27,2476,162
21067.0,Fayette,Kentucky,38.0368225,-84.45576892,2020-07-27,2474,44
39017.0,Butler,Ohio,39.44012838,-84.57388716,2020-07-27,2455,56
36001.0,Albany,New York,42.60060306,-73.97723916,2020-07-27,2453,124
41047.0,Marion,Oregon,44.90287942,-122.5815117,2020-07-27,2437,65
12091.0,Okaloosa,Florida,30.69143028,-86.59267105,2020-07-27,2411,20
37155.0,Robeson,North Carolina,34.64244496,-79.10250529999998,2020-07-27,2395,50
22057.0,Lafourche,Louisiana,29.52470226,-90.40976986,2020-07-27,2393,95
22063.0,Livingston,Louisiana,30.44143993,-90.73061664,2020-07-27,2380,47
,Weber-Morgan,Utah,41.27116049,-111.9145117,2020-07-27,2375,24
37051.0,Cumberland,North Carolina,35.04762133,-78.82623165,2020-07-27,2357,49
22005.0,Ascension,Louisiana,30.20406249,-90.91328409999998,2020-07-27,2335,65
39129.0,Pickaway,Ohio,39.64170392,-83.0243386,2020-07-27,2314,42
55059.0,Kenosha,Wisconsin,42.57639354,-88.04051686,2020-07-27,2292,50
1081.0,Lee,Alabama,32.60154883,-85.35132246,2020-07-27,2286,40
39099.0,Mahoning,Ohio,41.01631101,-80.77287029,2020-07-27,2280,248
26161.0,Washtenaw,Michigan,42.253105,-83.83853204,2020-07-27,2270,110
48139.0,Ellis,Texas,32.34894117,-96.79371841,2020-07-27,2268,32
37191.0,Wayne,North Carolina,35.36438125,-78.00027268,2020-07-27,2254,36
18057.0,Hamilton,Indiana,40.07306535,-86.05244729,2020-07-27,2253,103
51550.0,Chesapeake,Virginia,36.67670048,-76.30545744,2020-07-27,2246,25
21227.0,Warren,Kentucky,36.99903045,-86.42672751,2020-07-27,2244,21
22001.0,Acadia,Louisiana,30.2950649,-92.41419698,2020-07-27,2215,63
12023.0,Columbia,Florida,30.22509788,-82.62160164,2020-07-27,2203,10
90013.0,Unassigned,Georgia,0.0,0.0,2020-07-27,2202,0
37025.0,Cabarrus,North Carolina,35.3877799,-80.55267168,2020-07-27,2184,38
42133.0,York,Pennsylvania,39.9210089,-76.73040131,2020-07-27,2182,81
40027.0,Cleveland,Oklahoma,35.20413532,-97.32519562,2020-07-27,2170,41
48001.0,Anderson,Texas,31.81534745,-95.65354823,2020-07-27,2142,8
13127.0,Glynn,Georgia,31.23279254,-81.53811412,2020-07-27,2127,22
10001.0,Kent,Delaware,39.08646628,-75.56884914,2020-07-27,2125,95
37129.0,New Hanover,North Carolina,34.25758282,-77.87075626,2020-07-27,2119,15
48423.0,Smith,Texas,32.37474036,-95.2717568,2020-07-27,2106,14
,Bear River,Utah,41.52106798,-113.0832816,2020-07-27,2099,5
28089.0,Madison,Mississippi,32.63389156,-90.03513564,2020-07-27,2096,50
13285.0,Troup,Georgia,33.03349196,-85.02812115,2020-07-27,2090,52
13097.0,Douglas,Georgia,33.70291126,-84.77026156,2020-07-27,2078,46
45085.0,Sumter,South Carolina,33.91826534,-80.37942316,2020-07-27,2072,39
35013.0,Dona Ana,New Mexico,32.35275771,-106.8329387,2020-07-27,2064,17
72127.0,San Juan,Puerto Rico,18.386933,-66.061128,2020-07-27,2062,0
22045.0,Iberia,Louisiana,29.86803617,-91.75871777,2020-07-27,2057,58
48451.0,Tom Green,Texas,31.40464436,-100.462443,2020-07-27,2046,19
12061.0,Indian River,Florida,27.69308961,-80.60556721,2020-07-27,2031,35
23005.0,Cumberland,Maine,43.8370751,-70.37226999,2020-07-27,2016,68
36065.0,Oneida,New York,43.24375382,-75.43710392,2020-07-27,2010,112
37001.0,Alamance,North Carolina,36.0434701,-79.39976137,2020-07-27,2006,41
20057.0,Ford,Kansas,37.69200114,-99.88825298,2020-07-27,2005,8
90001.0,Unassigned,Alabama,0.0,0.0,2020-07-27,1986,0
1103.0,Morgan,Alabama,34.45500589,-86.85475946,2020-07-27,1973,13
45075.0,Orangeburg,South Carolina,33.4391073,-80.79886287,2020-07-27,1950,48
37151.0,Randolph,North Carolina,35.71015088,-79.80570339,2020-07-27,1939,36
22097.0,St. Landry,Louisiana,30.59724262,-92.00135806,2020-07-27,1927,69
36111.0,Ulster,New York,41.89027881,-74.26252104,2020-07-27,1926,90
17119.0,Madison,Illinois,38.83042506,-89.90422563,2020-07-27,1915,71
90044.0,Unassigned,Rhode Island,0.0,0.0,2020-07-27,1902,0
48329.0,Midland,Texas,31.86904128,-102.0315682,2020-07-27,1901,36
22015.0,Bossier,Louisiana,32.67932307,-93.60460152,2020-07-27,1894,60
31043.0,Dakota,Nebraska,42.39040144,-96.56656425,2020-07-27,1890,39
47189.0,Wilson,Tennessee,36.15496772,-86.29775884,2020-07-27,1876,20
37159.0,Rowan,North Carolina,35.64003916,-80.52446628,2020-07-27,1876,46
37061.0,Duplin,North Carolina,34.93449805,-77.93140529,2020-07-27,1874,40
42069.0,Lackawanna,Pennsylvania,41.43564672,-75.60379201,2020-07-27,1860,212
28121.0,Rankin,Mississippi,32.26469147,-89.94537876,2020-07-27,1856,23
19113.0,Linn,Iowa,42.07923082,-91.59809485,2020-07-27,1851,87
28047.0,Harrison,Mississippi,30.51359752,-89.12467576,2020-07-27,1824,26
31153.0,Sarpy,Nebraska,41.11314181,-96.11156432,2020-07-27,1784,8
8013.0,Boulder,Colorado,40.09313619,-105.3546767,2020-07-27,1782,74
19021.0,Buena Vista,Iowa,42.73545875,-95.15100162,2020-07-27,1776,12
37035.0,Catawba,North Carolina,35.66211129,-81.2132617,2020-07-27,1767,20
19103.0,Johnson,Iowa,41.67169354,-91.58754744,2020-07-27,1766,12
26145.0,Saginaw,Michigan,43.33433923,-84.05131209999998,2020-07-27,1755,124
24017.0,Charles,Maryland,38.51092331,-76.98580666,2020-07-27,1753,90
45007.0,Anderson,South Carolina,34.51828081,-82.63959517,2020-07-27,1738,38
27105.0,Nobles,Minnesota,43.67434621,-95.75329576,2020-07-27,1728,6
41059.0,Umatilla,Oregon,45.59073056,-118.7353826,2020-07-27,1723,16
18017.0,Cass,Indiana,40.76135835,-86.34830753,2020-07-27,1719,9
12015.0,Charlotte,Florida,26.90131002,-81.92949121,2020-07-27,1717,84
27163.0,Washington,Minnesota,45.03864533,-92.88429635,2020-07-27,1700,41
25001.0,Barnstable,Massachusetts,41.72980578,-70.28854339,2020-07-27,1698,155
1055.0,Etowah,Alabama,34.04567266,-86.04051873,2020-07-27,1690,17
20055.0,Finney,Kansas,38.04340344,-100.7381938,2020-07-27,1688,10
6061.0,Placer,California,39.06167234,-120.7240569,2020-07-27,1685,15
31079.0,Hall,Nebraska,40.87257079,-98.50218293,2020-07-27,1683,46
19049.0,Dallas,Iowa,41.68560356,-94.04127625,2020-07-27,1674,34
18063.0,Hendricks,Indiana,39.76719009,-86.51037283,2020-07-27,1660,105
48427.0,Starr,Texas,26.56150059,-98.73892358,2020-07-27,1655,28
6079.0,San Luis Obispo,California,35.38822029,-120.4039028,2020-07-27,1644,9
13117.0,Forsyth,Georgia,34.22604035,-84.12315129999998,2020-07-27,1641,16
24025.0,Harford,Maryland,39.55010644,-76.30775940000002,2020-07-27,1631,67
6039.0,Madera,California,37.21513971,-119.76655890000002,2020-07-27,1630,19
48323.0,Maverick,Texas,28.7429195,-100.3157686,2020-07-27,1622,31
17091.0,Kankakee,Illinois,41.13746989,-87.86205334,2020-07-27,1606,66
26139.0,Ottawa,Michigan,42.95996803,-85.9969107,2020-07-27,1606,53
4025.0,Yavapai,Arizona,34.59933926,-112.5538588,2020-07-27,1599,54
28059.0,Jackson,Mississippi,30.54020656,-88.64184064,2020-07-27,1596,27
28067.0,Jones,Mississippi,31.62257767,-89.16896899999998,2020-07-27,1591,56
45077.0,Pickens,South Carolina,34.88807695,-82.72791551,2020-07-27,1589,17
13045.0,Carroll,Georgia,33.58138199,-85.07976677,2020-07-27,1587,42
33015.0,Rockingham,New Hampshire,42.98499744,-71.12883377,2020-07-27,1581,94
51683.0,Manassas,Virginia,38.7464321,-77.48509905,2020-07-27,1575,20
12051.0,Hendry,Florida,26.55386945,-81.16469006,2020-07-27,1573,34
9005.0,Litchfield,Connecticut,41.7937534,-73.2451475,2020-07-27,1568,138
47169.0,Trousdale,Tennessee,36.39026213,-86.16087954,2020-07-27,1561,6
42089.0,Monroe,Pennsylvania,41.05934058,-75.34031025,2020-07-27,1557,122
18081.0,Johnson,Indiana,39.48994426,-86.10149107,2020-07-27,1555,118
13073.0,Columbia,Georgia,33.54534185,-82.263524,2020-07-27,1548,18
42075.0,Lebanon,Pennsylvania,40.36680311,-76.45651841,2020-07-27,1548,54
48091.0,Comal,Texas,29.80811278,-98.27647225,2020-07-27,1539,54
37057.0,Davidson,North Carolina,35.79115496,-80.21256572,2020-07-27,1537,16
39151.0,Stark,Ohio,40.81482476,-81.36437305,2020-07-27,1533,124
29097.0,Jasper,Missouri,37.20351921,-94.34050458,2020-07-27,1531,23
8035.0,Douglas,Colorado,39.33133796,-104.930001,2020-07-27,1529,56
27109.0,Olmsted,Minnesota,44.00374114,-92.40209944,2020-07-27,1525,21
37097.0,Iredell,North Carolina,35.80950511,-80.8743128,2020-07-27,1521,18
48187.0,Guadalupe,Texas,29.58165339,-97.94786822,2020-07-27,1519,33
37147.0,Pitt,North Carolina,35.59535426,-77.37353178,2020-07-27,1519,10
39029.0,Columbiana,Ohio,40.76932373,-80.78094576,2020-07-27,1507,60
90005.0,Unassigned,Arkansas,0.0,0.0,2020-07-27,1499,0
1049.0,DeKalb,Alabama,34.45946862,-85.80782906,2020-07-27,1498,9
13153.0,Houston,Georgia,32.45802497,-83.66879087,2020-07-27,1497,41
47011.0,Bradley,Tennessee,35.15739424,-84.857186,2020-07-27,1492,10
19163.0,Scott,Iowa,41.63935978,-90.61959493,2020-07-27,1491,11
12053.0,Hernando,Florida,28.55364461,-82.42700204,2020-07-27,1490,22
37023.0,Burke,North Carolina,35.74989637,-81.70755735,2020-07-27,1486,25
39093.0,Lorain,Ohio,41.29553751,-82.15083537,2020-07-27,1484,75
36105.0,Sullivan,New York,41.71579493,-74.76394559,2020-07-27,1476,48
13059.0,Clarke,Georgia,33.95436462,-83.37124007,2020-07-27,1475,15
51700.0,Newport News,Virginia,37.08166899,-76.51754109,2020-07-27,1474,15
37021.0,Buncombe,North Carolina,35.61113393,-82.53305,2020-07-27,1473,46
1051.0,Elmore,Alabama,32.59785413,-86.14415284,2020-07-27,1466,34
18163.0,Vanderburgh,Indiana,38.02658833,-87.58763124,2020-07-27,1458,7
47125.0,Montgomery,Tennessee,36.49609412,-87.38550661,2020-07-27,1455,9
17161.0,Rock Island,Illinois,41.46613806,-90.57042164,2020-07-27,1454,30
5131.0,Sebastian,Arkansas,35.19605503,-94.27162713,2020-07-27,1454,13
26077.0,Kalamazoo,Michigan,42.24542231,-85.53038622,2020-07-27,1449,78
48381.0,Randall,Texas,34.96585996,-101.8971322,2020-07-27,1442,18
48257.0,Kaufman,Texas,32.599141700000004,-96.28734728,2020-07-27,1440,17
22099.0,St. Martin,Louisiana,30.13112107,-91.61403569,2020-07-27,1429,36
28035.0,Forrest,Mississippi,31.18961454,-89.25832496,2020-07-27,1428,46
47141.0,Putnam,Tennessee,36.14005459,-85.50646123,2020-07-27,1427,11
13071.0,Colquitt,Georgia,31.18810588,-83.7677946,2020-07-27,1426,21
36063.0,Niagara,New York,43.19898042,-78.74777412,2020-07-27,1424,96
6113.0,Yolo,California,38.68278902,-121.9018288,2020-07-27,1424,37
39165.0,Warren,Ohio,39.42581994,-84.16557457,2020-07-27,1421,31
17019.0,Champaign,Illinois,40.13919438,-88.20046615,2020-07-27,1419,17
36079.0,Putnam,New York,41.42630093,-73.74965532,2020-07-27,1408,63
48005.0,Angelina,Texas,31.25457347,-94.60901487,2020-07-27,1405,30
5059.0,Hot Spring,Arkansas,34.31709259,-92.95396325,2020-07-27,1402,4
2020.0,Anchorage,Alaska,61.14998174,-149.14269860000005,2020-07-27,1402,9
47155.0,Sevier,Tennessee,35.78077323,-83.52244332,2020-07-27,1401,4
4003.0,Cochise,Arizona,31.87934684,-109.7516088,2020-07-27,1399,42
26065.0,Ingham,Michigan,42.59716886,-84.37472069,2020-07-27,1398,29
1127.0,Walker,Alabama,33.80270512,-87.30027177,2020-07-27,1398,57
24013.0,Carroll,Maryland,39.56453592,-77.02373735,2020-07-27,1391,115
37163.0,Sampson,North Carolina,34.98820368,-78.36914061,2020-07-27,1386,10
13217.0,Newton,Georgia,33.55514538,-83.84547140000002,2020-07-27,1386,24
9007.0,Middlesex,Connecticut,41.45949668,-72.53714864,2020-07-27,1373,189
9011.0,New London,Connecticut,41.48896435,-72.10430976,2020-07-27,1373,102
15003.0,Honolulu,Hawaii,21.45803166,-157.97121819999995,2020-07-27,1373,19
19061.0,Dubuque,Iowa,42.46815349,-90.88181925,2020-07-27,1368,26
13015.0,Bartow,Georgia,34.23732119,-84.83887523,2020-07-27,1367,55
20103.0,Leavenworth,Kansas,39.20183497,-95.03620809,2020-07-27,1361,7
44003.0,Kent,Rhode Island,41.67106337,-71.57641596,2020-07-27,1351,0
16055.0,Kootenai,Idaho,47.67282258,-116.7020872,2020-07-27,1339,1
53011.0,Clark,Washington,45.77568046,-122.4829204,2020-07-27,1333,34
37195.0,Wilson,North Carolina,35.70625477,-77.917978,2020-07-27,1316,29
34041.0,Warren,New Jersey,40.85951833,-74.99556527,2020-07-27,1315,170
20177.0,Shawnee,Kansas,39.04100763,-95.7557264,2020-07-27,1315,19
42129.0,Westmoreland,Pennsylvania,40.31377979999999,-79.46615476,2020-07-27,1313,43
39155.0,Trumbull,Ohio,41.31735028,-80.76109643,2020-07-27,1312,96
90017.0,Unassigned,Illinois,0.0,0.0,2020-07-27,1312,0
22101.0,St. Mary,Louisiana,29.69262097,-91.44702164,2020-07-27,1312,42
19127.0,Marshall,Iowa,42.03586837,-92.9990819,2020-07-27,1310,23
45003.0,Aiken,South Carolina,33.54338026,-81.63645384,2020-07-27,1301,23
55105.0,Rock,Wisconsin,42.67151616,-89.07147900000002,2020-07-27,1299,25
47147.0,Robertson,Tennessee,36.52454807,-86.87346725,2020-07-27,1296,16
51740.0,Portsmouth,Virginia,36.85914825,-76.35971629,2020-07-27,1291,21
22095.0,St. John the Baptist,Louisiana,30.12597499,-90.4753503,2020-07-27,1291,88
37089.0,Henderson,North Carolina,35.33788927,-82.4766782,2020-07-27,1288,53
48465.0,Val Verde,Texas,29.89149232,-101.1525205,2020-07-27,1288,22
34037.0,Sussex,New Jersey,41.13891592,-74.69118243,2020-07-27,1285,195
41005.0,Clackamas,Oregon,45.18787398,-122.2179634,2020-07-27,1283,34
28151.0,Washington,Mississippi,33.28392041,-90.94196237,2020-07-27,1283,24
12063.0,Jackson,Florida,30.7954597,-85.21500423,2020-07-27,1270,19
22089.0,St. Charles,Louisiana,29.90709658,-90.35555967,2020-07-27,1261,50
8069.0,Larimer,Colorado,40.66671597,-105.4625784,2020-07-27,1261,32
24045.0,Wicomico,Maryland,38.37301947,-75.62705831,2020-07-27,1249,42
51177.0,Spotsylvania,Virginia,38.18574462,-77.655399,2020-07-27,1244,33
48251.0,Johnson,Texas,32.37877812,-97.36615819,2020-07-27,1234,21
26021.0,Berrien,Michigan,41.95447397,-86.41313079999998,2020-07-27,1232,63
13223.0,Paulding,Georgia,33.91969522,-84.86848792,2020-07-27,1231,18
48449.0,Titus,Texas,33.21339719,-94.96797273,2020-07-27,1224,10
28075.0,Lauderdale,Mississippi,32.40419769,-88.66229662,2020-07-27,1222,84
17093.0,Kendall,Illinois,41.59081014,-88.42869583,2020-07-27,1219,21
37135.0,Orange,North Carolina,36.06092947,-79.12167935,2020-07-27,1219,45
13069.0,Coffee,Georgia,31.54892966,-82.85492059999999,2020-07-27,1208,22
1047.0,Dallas,Alabama,32.32688101,-87.10866709999998,2020-07-27,1207,21
13077.0,Coweta,Georgia,33.35334302,-84.76129976,2020-07-27,1207,17
12027.0,DeSoto,Florida,27.18677893,-81.80941373,2020-07-27,1205,14
5069.0,Jefferson,Arkansas,34.26767081,-91.92619839,2020-07-27,1204,36
51179.0,Stafford,Virginia,38.41758738,-77.45917053,2020-07-27,1202,7
42055.0,Franklin,Pennsylvania,39.92956518,-77.72157791,2020-07-27,1201,46
21117.0,Kenton,Kentucky,38.93950319,-84.53241199,2020-07-27,1201,37
27139.0,Scott,Minnesota,44.6490231,-93.53340251,2020-07-27,1198,11
12039.0,Gadsden,Florida,30.57796289,-84.61915825,2020-07-27,1197,13
48021.0,Bastrop,Texas,30.10370699,-97.31206354,2020-07-27,1195,17
48183.0,Gregg,Texas,32.47940482,-94.81591935,2020-07-27,1195,19
37037.0,Chatham,North Carolina,35.70394416,-79.25541492,2020-07-27,1181,49
12107.0,Putnam,Florida,29.60779729,-81.74230285,2020-07-27,1176,13
45055.0,Kershaw,South Carolina,34.33988254,-80.58763164,2020-07-27,1163,21
20175.0,Seward,Kansas,37.19324632,-100.8507201,2020-07-27,1160,4
13277.0,Tift,Georgia,31.45743864,-83.5236119,2020-07-27,1158,34
1015.0,Calhoun,Alabama,33.77483727,-85.82630386,2020-07-27,1157,6
90035.0,Unassigned,New Mexico,0.0,0.0,2020-07-27,1153,0
5079.0,Lincoln,Arkansas,33.95317155,-91.74002806,2020-07-27,1152,11
28099.0,Neshoba,Mississippi,32.75339664,-89.11726492,2020-07-27,1149,82
12087.0,Monroe,Florida,25.20904673,-81.07812416,2020-07-27,1145,6
42041.0,Cumberland,Pennsylvania,40.1625372,-77.26130755,2020-07-27,1142,70
22113.0,Vermilion,Louisiana,29.83517605,-92.30292538,2020-07-27,1142,14
1069.0,Houston,Alabama,31.15197924,-85.29939599,2020-07-27,1139,11
45047.0,Greenwood,South Carolina,34.15272415,-82.12715789,2020-07-27,1132,14
42007.0,Beaver,Pennsylvania,40.6825484,-80.34921611,2020-07-27,1127,82
45059.0,Laurens,South Carolina,34.48244419,-82.00490796,2020-07-27,1123,30
22117.0,Washington,Louisiana,30.85288548,-90.03866652,2020-07-27,1123,56
34019.0,Hunterdon,New Jersey,40.56335249,-74.91284156,2020-07-27,1122,126
45043.0,Georgetown,South Carolina,33.43443342,-79.33202141,2020-07-27,1111,16
53025.0,Grant,Washington,47.20753737,-119.4500749,2020-07-27,1110,11
37077.0,Granville,North Carolina,36.30337451,-78.65184241,2020-07-27,1110,25
12017.0,Citrus,Florida,28.84804315,-82.47614748,2020-07-27,1102,20
5035.0,Crittenden,Arkansas,35.21247318,-90.30839406,2020-07-27,1100,16
1059.0,Franklin,Alabama,34.44235334,-87.84289505,2020-07-27,1098,20
25015.0,Hampshire,Massachusetts,42.33997957,-72.65898478,2020-07-27,1095,127
39045.0,Fairfield,Ohio,39.75107189,-82.63088163,2020-07-27,1091,21
26121.0,Muskegon,Michigan,43.29123859,-86.15176712,2020-07-27,1089,56
48189.0,Hale,Texas,34.07044901,-101.8268114,2020-07-27,1085,20
5045.0,Faulkner,Arkansas,35.14719007,-92.33717519,2020-07-27,1081,4
1113.0,Russell,Alabama,32.28725256,-85.18415324,2020-07-27,1081,1
5123.0,St. Francis,Arkansas,35.02201976,-90.74828138,2020-07-27,1079,3
37019.0,Brunswick,North Carolina,34.070565,-78.22814204,2020-07-27,1075,13
5115.0,Pope,Arkansas,35.44871474,-93.03212219,2020-07-27,1074,6
37105.0,Lee,North Carolina,35.47623147,-79.17569362,2020-07-27,1074,9
39041.0,Delaware,Ohio,40.27942393,-83.00457058,2020-07-27,1073,17
13115.0,Floyd,Georgia,34.26268279,-85.21577392,2020-07-27,1069,15
12055.0,Highlands,Florida,27.34254618,-81.34071957,2020-07-27,1068,22
55127.0,Walworth,Wisconsin,42.66858202,-88.54163073,2020-07-27,1067,21
12131.0,Walton,Florida,30.64204028,-86.16935664,2020-07-27,1066,12
51001.0,Accomack,Virginia,37.76707161,-75.63234615,2020-07-27,1065,15
16083.0,Twin Falls,Idaho,42.35440512,-114.6685381,2020-07-27,1064,27
18127.0,Porter,Indiana,41.45986947,-87.06848888,2020-07-27,1059,38
19169.0,Story,Iowa,42.03621213,-93.46499005,2020-07-27,1055,11
27099.0,Mower,Minnesota,43.67142874,-92.75234549,2020-07-27,1052,2
19155.0,Pottawattamie,Iowa,41.33640314,-95.53907776,2020-07-27,1049,19
22047.0,Iberville,Louisiana,30.25734305,-91.3499598,2020-07-27,1047,46
17143.0,Peoria,Illinois,40.78702156,-89.76078901,2020-07-27,1036,33
1083.0,Limestone,Alabama,34.81185586,-86.98310072,2020-07-27,1031,10
13299.0,Ware,Georgia,31.05449097,-82.42224148,2020-07-27,1028,20
51660.0,Harrisonburg,Virginia,38.43542574,-78.87536254,2020-07-27,1028,29
40139.0,Texas,Oklahoma,36.74777635,-101.4889765,2020-07-27,1024,7
12121.0,Suwannee,Florida,30.19746066,-82.99099670000003,2020-07-27,1024,27
37085.0,Harnett,North Carolina,35.36731853,-78.87243571,2020-07-27,1022,35
29099.0,Jefferson,Missouri,38.25926778,-90.53870896,2020-07-27,1021,24
28081.0,Lee,Mississippi,34.291877500000005,-88.68149954,2020-07-27,1020,26
48441.0,Taylor,Texas,32.30163422,-99.89007449,2020-07-27,1019,16
29021.0,Buchanan,Missouri,39.65816401,-94.80138942,2020-07-27,1018,10
35043.0,Sandoval,New Mexico,35.68862401,-106.8687803,2020-07-27,1018,33
1115.0,St. Clair,Alabama,33.71902176,-86.31029372,2020-07-27,1015,9
47063.0,Hamblen,Tennessee,36.21990035,-83.26586179,2020-07-27,1008,10
12119.0,Sumter,Florida,28.70181754,-82.0794267,2020-07-27,1003,27
39023.0,Clark,Ohio,39.91592258,-83.78498252,2020-07-27,1002,11
48055.0,Caldwell,Texas,29.83668859,-97.61814775,2020-07-27,999,19
22003.0,Allen,Louisiana,30.65385745,-92.82442028,2020-07-27,993,16
36093.0,Schenectady,New York,42.81668777,-74.05278291,2020-07-27,990,37
13247.0,Rockdale,Georgia,33.65145002,-84.02202167,2020-07-27,990,12
36007.0,Broome,New York,42.15903158,-75.81326086,2020-07-27,986,64
1043.0,Cullman,Alabama,34.13020303,-86.86888037,2020-07-27,985,9
28105.0,Oktibbeha,Mississippi,33.42491685,-88.87905132,2020-07-27,981,31
37027.0,Caldwell,North Carolina,35.95204977,-81.54799522,2020-07-27,981,11
72021.0,Bayamon,Puerto Rico,18.34946,-66.168435,2020-07-27,980,0
18157.0,Tippecanoe,Indiana,40.38872739,-86.89413959,2020-07-27,979,11
48341.0,Moore,Texas,35.83769242,-101.8930281,2020-07-27,978,13
22087.0,St. Bernard,Louisiana,29.87761636,-89.51887093,2020-07-27,976,23
55087.0,Outagamie,Wisconsin,44.41578887,-88.46565023,2020-07-27,975,12
8037.0,Eagle,Colorado,39.62754308,-106.6933637,2020-07-27,972,9
28073.0,Lamar,Mississippi,31.20572971,-89.5077704,2020-07-27,972,11
5031.0,Craighead,Arkansas,35.83018283,-90.63235729,2020-07-27,969,9
9013.0,Tolland,Connecticut,41.85853803,-72.3308481,2020-07-27,969,65
5149.0,Yell,Arkansas,35.00292371,-93.41171338,2020-07-27,967,14
12089.0,Nassau,Florida,30.61037141,-81.80297522,2020-07-27,967,8
47167.0,Tipton,Tennessee,35.501942,-89.73694895,2020-07-27,966,8
55139.0,Winnebago,Wisconsin,44.06886922,-88.64477096,2020-07-27,960,16
29019.0,Boone,Missouri,38.99186229,-92.30723575,2020-07-27,956,3
39089.0,Licking,Ohio,40.09136236,-82.48185785,2020-07-27,953,26
27131.0,Rice,Minnesota,44.3543376,-93.29658715,2020-07-27,953,8
53007.0,Chelan,Washington,47.87046092,-120.6173956,2020-07-27,951,8
48231.0,Hunt,Texas,33.12351514,-96.08551032,2020-07-27,948,16
51800.0,Suffolk,Virginia,36.70155394,-76.63603554,2020-07-27,948,45
13137.0,Habersham,Georgia,34.63331566,-83.53094677,2020-07-27,943,48
13031.0,Bulloch,Georgia,32.39577406,-81.74811421,2020-07-27,941,10
13013.0,Barrow,Georgia,33.99148694,-83.71436292,2020-07-27,940,32
21015.0,Boone,Kentucky,38.97065142,-84.72615357,2020-07-27,934,24
28123.0,Scott,Mississippi,32.406704100000006,-89.53789439,2020-07-27,932,16
1001.0,Autauga,Alabama,32.53952745,-86.64408227,2020-07-27,932,20
39085.0,Lake,Ohio,41.69710807,-81.23676539,2020-07-27,929,28
51047.0,Culpeper,Virginia,38.48199985,-77.95630870000002,2020-07-27,926,12
45057.0,Lancaster,South Carolina,34.68270843,-80.70513032,2020-07-27,925,20
18019.0,Clark,Indiana,38.48015445,-85.70510334,2020-07-27,924,45
48181.0,Grayson,Texas,33.62744998,-96.67753461,2020-07-27,923,10
1033.0,Colbert,Alabama,34.69847452,-87.80168544,2020-07-27,922,11
6087.0,Santa Cruz,California,37.05580291,-122.0066524,2020-07-27,920,4
1077.0,Lauderdale,Alabama,34.90171875,-87.65624729,2020-07-27,918,9
51650.0,Hampton,Virginia,37.03513786,-76.35879121,2020-07-27,916,4
31047.0,Dawson,Nebraska,40.87028216,-99.8201461,2020-07-27,916,9
29077.0,Greene,Missouri,37.2575872,-93.34230916,2020-07-27,914,9
22053.0,Jefferson Davis,Louisiana,30.26896765,-92.81210004,2020-07-27,910,22
5133.0,Sevier,Arkansas,33.99780401,-94.2424869,2020-07-27,906,9
47119.0,Maury,Tennessee,35.6187413,-87.07462444,2020-07-27,904,4
24043.0,Washington,Maryland,39.60835778,-77.82002295,2020-07-27,897,30
45031.0,Darlington,South Carolina,34.33358335,-79.96027485,2020-07-27,893,31
30111.0,Yellowstone,Montana,45.93955949,-108.2691486,2020-07-27,893,22
29119.0,McDonald,Missouri,36.62869595,-94.34867205,2020-07-27,888,7
48347.0,Nacogdoches,Texas,31.62017125,-94.61803994,2020-07-27,882,34
37127.0,Nash,North Carolina,35.96575634,-77.98422508,2020-07-27,880,10
37045.0,Cleveland,North Carolina,35.33553364,-81.55204486,2020-07-27,878,13
40017.0,Canadian,Oklahoma,35.5426055,-97.98465569,2020-07-27,877,4
5077.0,Lee,Arkansas,34.78498904,-90.78383866,2020-07-27,876,6
42049.0,Erie,Pennsylvania,41.99253829,-80.03301954,2020-07-27,865,15
51165.0,Rockingham,Virginia,38.51006137,-78.87260325,2020-07-27,860,16
34033.0,Salem,New Jersey,39.58719656,-75.34696629999998,2020-07-27,859,81
28149.0,Warren,Mississippi,32.35810271,-90.83352619,2020-07-27,856,24
13009.0,Baldwin,Georgia,33.06882326,-83.24701748,2020-07-27,854,37
53073.0,Whatcom,Washington,48.82227976,-121.7490018,2020-07-27,853,37
13275.0,Thomas,Georgia,30.86392347,-83.91847289,2020-07-27,850,38
47009.0,Blount,Tennessee,35.68938198,-83.92847788,2020-07-27,850,7
24037.0,St. Mary's,Maryland,38.30058422,-76.60629279999998,2020-07-27,849,52
42107.0,Schuylkill,Pennsylvania,40.70497338,-76.2150785,2020-07-27,849,49
22009.0,Avoyelles,Louisiana,31.07796211,-92.00079449,2020-07-27,842,24
1053.0,Escambia,Alabama,31.1256789,-87.15918694,2020-07-27,841,15
12093.0,Okeechobee,Florida,27.386336199999995,-80.88944347,2020-07-27,837,2
28029.0,Copiah,Mississippi,31.86977774,-90.44565118,2020-07-27,835,21
13129.0,Gordon,Georgia,34.50487351,-84.87296253,2020-07-27,834,21
54061.0,Monongalia,West Virginia,39.63218457,-80.04766838,2020-07-27,830,5
48361.0,Orange,Texas,30.11879481,-93.89412775,2020-07-27,827,15
13113.0,Fayette,Georgia,33.41357794,-84.49089434,2020-07-27,825,23
48485.0,Wichita,Texas,33.98842886,-98.7041034,2020-07-27,824,9
48367.0,Parker,Texas,32.77757172,-97.80500621,2020-07-27,824,8
17167.0,Sangamon,Illinois,39.75836914,-89.65872023,2020-07-27,823,33
6007.0,Butte,California,39.66727762,-121.6005252,2020-07-27,820,7
37125.0,Moore,North Carolina,35.30885257,-79.48474178,2020-07-27,819,20
28087.0,Lowndes,Mississippi,33.47386518,-88.44191529999998,2020-07-27,816,22
12035.0,Flagler,Florida,29.45933576,-81.31508595,2020-07-27,813,8
48071.0,Chambers,Texas,29.70972016,-94.67154501,2020-07-27,812,2
48185.0,Grimes,Texas,30.54579585,-95.98902499,2020-07-27,804,18
26115.0,Monroe,Michigan,41.92734151,-83.53749864,2020-07-27,803,21
34009.0,Cape May,New Jersey,39.15008829,-74.80170244,2020-07-27,800,86
48291.0,Liberty,Texas,30.15152688,-94.81205615,2020-07-27,797,21
28133.0,Sunflower,Mississippi,33.60192578,-90.58882684,2020-07-27,797,14
19179.0,Wapello,Iowa,41.03064984,-92.40954728,2020-07-27,796,31
13157.0,Jackson,Georgia,34.13794553,-83.56814788,2020-07-27,793,13
37167.0,Stanly,North Carolina,35.31647813,-80.25093221,2020-07-27,793,9
40089.0,McCurtain,Oklahoma,34.11664328,-94.77222373,2020-07-27,791,20
12049.0,Hardee,Florida,27.49293939,-81.80956574,2020-07-27,789,5
38015.0,Burleigh,North Dakota,46.97847375,-100.4645214,2020-07-27,788,3
46103.0,Pennington,South Dakota,44.0025835,-102.8240777,2020-07-27,786,26
17037.0,DeKalb,Illinois,41.89373302,-88.76958483,2020-07-27,784,24
37171.0,Surry,North Carolina,36.41689489,-80.69102283,2020-07-27,784,7
47003.0,Bedford,Tennessee,35.51123746,-86.45549096,2020-07-27,780,10
72031.0,Carolina,Puerto Rico,18.374986,-65.95683100000001,2020-07-27,779,0
1017.0,Chambers,Alabama,32.91360079,-85.39072749,2020-07-27,779,38
5125.0,Saline,Arkansas,34.64916145,-92.67583224,2020-07-27,777,3
30031.0,Gallatin,Montana,45.54486106,-111.1692571,2020-07-27,774,1
27013.0,Blue Earth,Minnesota,44.03554215,-94.06699781,2020-07-27,774,4
45089.0,Williamsburg,South Carolina,33.62190129,-79.72767442,2020-07-27,773,18
28051.0,Holmes,Mississippi,33.12345854,-90.08923538,2020-07-27,772,45
19139.0,Muscatine,Iowa,41.48370744,-91.1121697,2020-07-27,772,46
47111.0,Macon,Tennessee,36.53157855,-86.00778595,2020-07-27,770,12
28043.0,Grenada,Mississippi,33.77036166,-89.80245083,2020-07-27,770,17
22119.0,Webster,Louisiana,32.70847669,-93.33121835,2020-07-27,770,12
1123.0,Tallapoosa,Alabama,32.86698258,-85.79833053,2020-07-27,769,78
18095.0,Madison,Indiana,40.16143691,-85.71964711,2020-07-27,767,64
28011.0,Bolivar,Mississippi,33.79696941,-90.87372121,2020-07-27,766,25
18085.0,Kosciusko,Indiana,41.24521668,-85.86312322,2020-07-27,766,11
6055.0,Napa,California,38.50735751,-122.332839,2020-07-27,766,8
39103.0,Medina,Ohio,41.11770589,-81.89986209999998,2020-07-27,765,32
37047.0,Columbus,North Carolina,34.26744084,-78.65801424,2020-07-27,765,44
13255.0,Spalding,Georgia,33.26310031,-84.28013991,2020-07-27,762,36
13297.0,Walton,Georgia,33.78017694,-83.73552314,2020-07-27,762,32
18091.0,LaPorte,Indiana,41.54366008,-86.74072188,2020-07-27,760,29
55063.0,La Crosse,Wisconsin,43.90632465,-91.11451093,2020-07-27,754,1
53057.0,Skagit,Washington,48.48171488,-121.766131,2020-07-27,753,20
29145.0,Newton,Missouri,36.90519407,-94.3394104,2020-07-27,753,3
18067.0,Howard,Indiana,40.48527731,-86.11351892,2020-07-27,751,63
47179.0,Washington,Tennessee,36.29472368,-82.49454720000001,2020-07-27,750,0
39173.0,Wood,Ohio,41.36224827,-83.62285108,2020-07-27,749,55
1121.0,Talladega,Alabama,33.37823223,-86.16886178,2020-07-27,748,9
28107.0,Panola,Mississippi,34.36398677,-89.95064249,2020-07-27,747,9
31053.0,Dodge,Nebraska,41.58071748,-96.65598179,2020-07-27,746,8
29047.0,Clay,Missouri,39.31132056,-94.41850862,2020-07-27,744,19
28071.0,Lafayette,Mississippi,34.35687874,-89.48490961,2020-07-27,739,4
31141.0,Platte,Nebraska,41.57246836,-97.52144359,2020-07-27,738,3
51770.0,Roanoke City,Virginia,37.27791025,-79.96189766,2020-07-27,737,10
28083.0,Leflore,Mississippi,33.55545125,-90.29900733,2020-07-27,736,57
28113.0,Pike,Mississippi,31.17507789,-90.40392572,2020-07-27,730,28
22041.0,Franklin,Louisiana,32.13675181,-91.67589857,2020-07-27,729,16
39025.0,Clermont,Ohio,39.04847534,-84.15375786,2020-07-27,725,10
28079.0,Leake,Mississippi,32.7536828,-89.52402044,2020-07-27,725,24
39157.0,Tuscarawas,Ohio,40.44214695,-81.47226262,2020-07-27,723,11
27171.0,Wright,Minnesota,45.17297924,-93.96234781,2020-07-27,722,5
37133.0,Onslow,North Carolina,34.72607366,-77.42908179,2020-07-27,722,9
26093.0,Livingston,Michigan,42.60302282,-83.91297209,2020-07-27,719,28
51003.0,Albemarle,Virginia,38.02080697,-78.55481085,2020-07-27,718,10
1013.0,Butler,Alabama,31.75300095,-86.68057478,2020-07-27,718,35
47095.0,Lake,Tennessee,36.34180170000001,-89.48921915,2020-07-27,716,0
50007.0,Chittenden,Vermont,44.46322849,-73.08359212,2020-07-27,713,39
18099.0,Marshall,Indiana,41.32467367,-86.26185087,2020-07-27,712,19
26147.0,St. Clair,Michigan,42.92655373,-82.67937954,2020-07-27,710,53
27027.0,Clay,Minnesota,46.89289518,-96.48761922,2020-07-27,707,39
37069.0,Franklin,North Carolina,36.081519,-78.28708884,2020-07-27,705,25
1045.0,Dale,Alabama,31.43037123,-85.61095742,2020-07-27,705,17
47069.0,Hardeman,Tennessee,35.20772017,-88.99161161,2020-07-27,704,11
4007.0,Gila,Arizona,33.80190085,-110.8132779,2020-07-27,703,21
55131.0,Washington,Wisconsin,43.36863664,-88.22974712,2020-07-27,703,19
37193.0,Wilkes,North Carolina,36.2084135,-81.16232895,2020-07-27,701,9
90034.0,Unassigned,New Jersey,0.0,0.0,2020-07-27,701,0
40031.0,Comanche,Oklahoma,34.65973764,-98.47195055,2020-07-27,700,9
19047.0,Crawford,Iowa,42.03718237,-95.3819718,2020-07-27,699,3
26025.0,Calhoun,Michigan,42.24633834,-85.00493569,2020-07-27,699,39
13261.0,Sumter,Georgia,32.03650571,-84.19821492,2020-07-27,698,55
54039.0,Kanawha,West Virginia,38.33860077,-81.52857054,2020-07-27,696,20
5051.0,Garland,Arkansas,34.57692074,-93.14921604,2020-07-27,695,5
17007.0,Boone,Illinois,42.32359279,-88.82345779,2020-07-27,695,23
28163.0,Yazoo,Mississippi,32.77890365,-90.39656148,2020-07-27,694,9
28153.0,Wayne,Mississippi,31.64135687,-88.69573913,2020-07-27,693,21
31037.0,Colfax,Nebraska,41.57486951,-97.0868542,2020-07-27,690,4
36091.0,Saratoga,New York,43.10904162,-73.86653895,2020-07-27,688,17
18005.0,Bartholomew,Indiana,39.20744865,-85.89558181,2020-07-27,687,45
36083.0,Rensselaer,New York,42.71348136,-73.51089874,2020-07-27,687,30
37181.0,Vance,North Carolina,36.36880673,-78.40670845,2020-07-27,687,40
27019.0,Carver,Minnesota,44.82017001,-93.8009918,2020-07-27,684,2
48199.0,Hardin,Texas,30.33364686,-94.38931817,2020-07-27,682,7
45027.0,Clarendon,South Carolina,33.66610974,-80.21647898,2020-07-27,681,49
48037.0,Bowie,Texas,33.44626922,-94.41834132,2020-07-27,681,27
42125.0,Washington,Pennsylvania,40.19208869,-80.24582867,2020-07-27,681,10
28085.0,Lincoln,Mississippi,31.53288662,-90.45391915,2020-07-27,681,38
39109.0,Miami,Ohio,40.0543329,-84.22871271,2020-07-27,681,35
45029.0,Colleton,South Carolina,32.87582989,-80.67641292,2020-07-27,675,30
45071.0,Newberry,South Carolina,34.28629098,-81.59935761,2020-07-27,675,7
49043.0,Summit,Utah,40.86688146,-110.9535882,2020-07-27,673,1
8087.0,Morgan,Colorado,40.26279810000001,-103.8093302,2020-07-27,673,46
48349.0,Navarro,Texas,32.04620681,-96.47428766,2020-07-27,672,9
9015.0,Windham,Connecticut,41.82972709,-71.98182316,2020-07-27,668,15
48409.0,San Patricio,Texas,28.00880118,-97.51763891,2020-07-27,666,14
53017.0,Douglas,Washington,47.7361335,-119.692937,2020-07-27,665,6
37109.0,Lincoln,North Carolina,35.48508185,-81.21740317,2020-07-27,664,2
39133.0,Portage,Ohio,41.16793482,-81.19735782,2020-07-27,663,59
21211.0,Shelby,Kentucky,38.21476019,-85.194223,2020-07-27,663,22
45073.0,Oconee,South Carolina,34.75225169,-83.06742317,2020-07-27,662,3
51171.0,Shenandoah,Virginia,38.85905135,-78.56813762,2020-07-27,660,40
48073.0,Cherokee,Texas,31.837258,-95.16559897,2020-07-27,655,4
21059.0,Daviess,Kentucky,37.73028906,-87.09019479999998,2020-07-27,655,7
1071.0,Jackson,Alabama,34.78144169,-85.99750489,2020-07-27,655,3
19187.0,Webster,Iowa,42.42853483,-94.17987389,2020-07-27,654,5
40131.0,Rogers,Oklahoma,36.37004357,-95.60406759,2020-07-27,654,12
47007.0,Bledsoe,Tennessee,35.59942968,-85.20611967,2020-07-27,649,1
22011.0,Beauregard,Louisiana,30.64836518,-93.34173616,2020-07-27,648,13
6101.0,Sutter,California,39.03417539,-121.6945899,2020-07-27,647,4
27067.0,Kandiyohi,Minnesota,45.1526059,-95.00586446,2020-07-27,647,1
22077.0,Pointe Coupee,Louisiana,30.71409502,-91.60209535,2020-07-27,646,29
25003.0,Berkshire,Massachusetts,42.37428441,-73.20524838,2020-07-27,645,45
8075.0,Logan,Colorado,40.7249637,-103.110817,2020-07-27,645,5
1031.0,Coffee,Alabama,31.39932826,-85.98901039,2020-07-27,644,5
1039.0,Covington,Alabama,31.2477854,-86.45050893,2020-07-27,641,19
22061.0,Lincoln,Louisiana,32.6003154,-92.6659741,2020-07-27,641,23
22039.0,Evangeline,Louisiana,30.72985248,-92.39915924,2020-07-27,641,2
51069.0,Frederick,Virginia,39.20172582,-78.25974949,2020-07-27,639,7
47113.0,Madison,Tennessee,35.61181957,-88.84076036,2020-07-27,636,10
53047.0,Okanogan,Washington,48.54855019,-119.7387224,2020-07-27,635,2
48397.0,Rockwall,Texas,32.89779518,-96.40771592,2020-07-27,635,17
26075.0,Jackson,Michigan,42.24807035,-84.42258681,2020-07-27,630,32
28127.0,Simpson,Mississippi,31.91282117,-89.91716179,2020-07-27,626,13
8045.0,Garfield,Colorado,39.59921777,-107.902708,2020-07-27,626,4
23031.0,York,Maine,43.47808377,-70.71052375,2020-07-27,625,12
72061.0,Guaynabo,Puerto Rico,18.345114,-66.11452299999999,2020-07-27,623,0
37093.0,Hoke,North Carolina,35.01888303,-79.23651674,2020-07-27,623,7
40119.0,Payne,Oklahoma,36.07695283,-96.97584944,2020-07-27,622,3
55027.0,Dodge,Wisconsin,43.41576662,-88.70928178,2020-07-27,622,5
45025.0,Chesterfield,South Carolina,34.64137396,-80.15640140000002,2020-07-27,621,19
48253.0,Jones,Texas,32.73997145,-99.87861576,2020-07-27,621,0
20111.0,Lyon,Kansas,38.45576156,-96.15275715,2020-07-27,620,8
54003.0,Berkeley,West Virginia,39.46704621,-78.02414609,2020-07-27,618,10
28115.0,Pontotoc,Mississippi,34.226046000000004,-89.03636807,2020-07-27,617,6
37049.0,Craven,North Carolina,35.11833364,-77.08398081,2020-07-27,611,8
48313.0,Madison,Texas,30.96694679,-95.93003775,2020-07-27,609,0
20045.0,Douglas,Kansas,38.88503636,-95.2925121,2020-07-27,608,2
40145.0,Wagoner,Oklahoma,35.96024096,-95.51911308,2020-07-27,606,20
13175.0,Laurens,Georgia,32.46325233,-82.92221316,2020-07-27,605,2
1109.0,Pike,Alabama,31.80396383,-85.9408295,2020-07-27,603,7
18105.0,Monroe,Indiana,39.16130004,-86.52414358,2020-07-27,603,29
18113.0,Noble,Indiana,41.39672484,-85.41966713,2020-07-27,602,28
22069.0,Natchitoches,Louisiana,31.72321584,-93.09816516,2020-07-27,602,15
38035.0,Grand Forks,North Dakota,47.92093639,-97.45450447,2020-07-27,601,4
24015.0,Cecil,Maryland,39.56647682,-75.94627411,2020-07-27,601,30
48373.0,Polk,Texas,30.79472531,-94.8276624,2020-07-27,601,5
1009.0,Blount,Alabama,33.98210918,-86.56790593,2020-07-27,601,1
1021.0,Chilton,Alabama,32.85044126,-86.7173256,2020-07-27,600,5
28095.0,Monroe,Mississippi,33.89236763,-88.4808438,2020-07-27,599,47
22115.0,Vernon,Louisiana,31.10884837,-93.18153838,2020-07-27,599,19
47163.0,Sullivan,Tennessee,36.51240691,-82.30412917,2020-07-27,598,6
21177.0,Muhlenberg,Kentucky,37.21425819,-87.14632053,2020-07-27,598,9
51029.0,Buckingham,Virginia,37.57242268,-78.52518834,2020-07-27,592,6
22093.0,St. James,Louisiana,30.02531716,-90.80212061,2020-07-27,591,30
49037.0,San Juan,Utah,37.62762978,-109.80337140000002,2020-07-27,590,21
48321.0,Matagorda,Texas,28.81955746,-96.01230294,2020-07-27,588,19
39013.0,Belmont,Ohio,40.01625942,-80.9924051,2020-07-27,585,26
5071.0,Johnson,Arkansas,35.56759135,-93.46036368,2020-07-27,585,0
41045.0,Malheur,Oregon,43.1937027,-117.6227395,2020-07-27,584,8
18011.0,Boone,Indiana,40.0509304,-86.46841646,2020-07-27,584,45
46005.0,Beadle,South Dakota,44.41464384,-98.27858469,2020-07-27,583,9
18043.0,Floyd,Indiana,38.32117957,-85.90385377,2020-07-27,583,44
22031.0,De Soto,Louisiana,32.05457447,-93.74130302,2020-07-27,582,24
18059.0,Hancock,Indiana,39.82304555,-85.77566351,2020-07-27,580,37
51085.0,Hanover,Virginia,37.7583355,-77.49464673,2020-07-27,575,30
48203.0,Harrison,Texas,32.54935988,-94.36934071,2020-07-27,574,22
44009.0,Washington,Rhode Island,41.45961631,-71.61435303,2020-07-27,574,0
22121.0,West Baton Rouge,Louisiana,30.46058217,-91.30989571,2020-07-27,573,33
31151.0,Saline,Nebraska,40.52418865,-97.14085859,2020-07-27,572,2
27141.0,Sherburne,Minnesota,45.44447208,-93.77617511,2020-07-27,571,5
48177.0,Gonzales,Texas,29.45634206,-97.49424032,2020-07-27,569,8
37141.0,Pender,North Carolina,34.52265624,-77.90352133,2020-07-27,569,3
48099.0,Coryell,Texas,31.39078397,-97.79936155,2020-07-27,569,5
48489.0,Willacy,Texas,26.47411727,-97.61535848,2020-07-27,568,16
51061.0,Fauquier,Virginia,38.73564842,-77.80647472,2020-07-27,567,8
13145.0,Harris,Georgia,32.73709786,-84.90538572,2020-07-27,567,14
37083.0,Halifax,North Carolina,36.25669272,-77.6556109,2020-07-27,566,6
28137.0,Tate,Mississippi,34.65133709,-89.94485778,2020-07-27,565,19
53067.0,Thurston,Washington,46.9291895,-122.8290656,2020-07-27,564,6
19167.0,Sioux,Iowa,43.08221074,-96.1767568,2020-07-27,563,1
16013.0,Blaine,Idaho,43.4085812,-113.9752658,2020-07-27,563,6
8101.0,Pueblo,Colorado,38.17359144,-104.5127437,2020-07-27,563,34
42019.0,Butler,Pennsylvania,40.91152759,-79.91351055,2020-07-27,562,14
18035.0,Delaware,Indiana,40.22787247,-85.39732772,2020-07-27,561,52
12047.0,Hamilton,Florida,30.49673973,-82.94998918,2020-07-27,560,2
37161.0,Rutherford,North Carolina,35.40114178,-81.92112099,2020-07-27,560,13
39003.0,Allen,Ohio,40.77285242,-84.10802343,2020-07-27,560,41
18037.0,Dubois,Indiana,38.36597551,-86.87924170000002,2020-07-27,558,10
13205.0,Mitchell,Georgia,31.22483255,-84.19381821,2020-07-27,555,41
6035.0,Lassen,California,40.67311306,-120.59350990000002,2020-07-27,555,0
39057.0,Greene,Ohio,39.69116283,-83.89032084,2020-07-27,554,11
5093.0,Mississippi,Arkansas,35.76271485,-90.05194370000002,2020-07-27,553,8
12079.0,Madison,Florida,30.44396917,-83.47398594,2020-07-27,553,6
19033.0,Cerro Gordo,Iowa,43.08177563,-93.2612239,2020-07-27,552,16
16019.0,Bonneville,Idaho,43.38713372,-111.6161537,2020-07-27,548,1
28027.0,Coahoma,Mississippi,34.22772299,-90.60415045,2020-07-27,547,7
22111.0,Union,Louisiana,32.83121059,-92.3749373,2020-07-27,547,31
24009.0,Calvert,Maryland,38.53961642,-76.56820632,2020-07-27,546,27
35025.0,Lea,New Mexico,32.79215361,-103.4123733,2020-07-27,546,3
48325.0,Medina,Texas,29.3557301,-99.11030298,2020-07-27,546,16
48285.0,Lavaca,Texas,29.38508402,-96.93186692,2020-07-27,545,10
17077.0,Jackson,Illinois,37.78595185,-89.38232563,2020-07-27,544,19
47105.0,Loudon,Tennessee,35.73939663,-84.31145275,2020-07-27,544,3
23001.0,Androscoggin,Maine,44.1664747,-70.20380627,2020-07-27,543,5
37123.0,Montgomery,North Carolina,35.33155144,-79.90416657,2020-07-27,543,14
13103.0,Effingham,Georgia,32.36616021,-81.34280942,2020-07-27,542,1
53035.0,Kitsap,Washington,47.63479026,-122.6436061,2020-07-27,542,3
47047.0,Fayette,Tennessee,35.19615831,-89.41399032,2020-07-27,541,8
29031.0,Cape Girardeau,Missouri,37.38489388,-89.6843587,2020-07-27,540,3
28031.0,Covington,Mississippi,31.63225413,-89.55389939,2020-07-27,540,8
1085.0,Lowndes,Alabama,32.1597283,-86.65158371,2020-07-27,538,24
48277.0,Lamar,Texas,33.66981763,-95.57404777,2020-07-27,537,15
72888.0,Out of PR,Puerto Rico,0.0,0.0,2020-07-27,537,0
37017.0,Bladen,North Carolina,34.61296243,-78.56180059,2020-07-27,536,5
6069.0,San Benito,California,36.60308176,-121.069975,2020-07-27,536,2
40147.0,Washington,Oklahoma,36.71380786,-95.90514104,2020-07-27,531,39
48249.0,Jim Wells,Texas,27.73103938,-98.0904705,2020-07-27,531,3
13233.0,Polk,Georgia,34.00267074,-85.18677781,2020-07-27,531,5
1005.0,Barbour,Alabama,31.868263,-85.3871286,2020-07-27,529,4
26149.0,St. Joseph,Michigan,41.91441767,-85.52797979,2020-07-27,528,6
13279.0,Toombs,Georgia,32.12059861,-82.32957247,2020-07-27,527,6
18071.0,Jackson,Indiana,38.90915820000001,-86.03851889,2020-07-27,526,4
13305.0,Wayne,Georgia,31.5521809,-81.91894878,2020-07-27,526,2
22065.0,Madison,Louisiana,32.36918118,-91.23973355,2020-07-27,526,6
37065.0,Edgecombe,North Carolina,35.91230639,-77.59436892,2020-07-27,526,10
18087.0,LaGrange,Indiana,41.64232188,-85.42674232,2020-07-27,524,10
26017.0,Bay,Michigan,43.70639106,-83.98731479,2020-07-27,524,31
42103.0,Pike,Pennsylvania,41.33155042,-75.03208106,2020-07-27,523,21
72025.0,Caguas,Puerto Rico,18.211615,-66.050779,2020-07-27,522,0
19171.0,Tama,Iowa,42.07991767,-92.53266945,2020-07-27,521,29
13001.0,Appling,Georgia,31.74847232,-82.28909114,2020-07-27,518,16
28001.0,Adams,Mississippi,31.47669768,-91.35326037,2020-07-27,518,23
48481.0,Wharton,Texas,29.27765923,-96.22319248,2020-07-27,517,17
55055.0,Jefferson,Wisconsin,43.02054068,-88.77529134,2020-07-27,516,4
28091.0,Marion,Mississippi,31.23132643,-89.8209217,2020-07-27,516,16
49051.0,Wasatch,Utah,40.33110236,-111.1691419,2020-07-27,515,4
12129.0,Wakulla,Florida,30.16548905,-84.39895211,2020-07-27,515,1
13087.0,Decatur,Georgia,30.87967778,-84.57619536,2020-07-27,515,8
39007.0,Ashtabula,Ohio,41.70860332,-80.74830218,2020-07-27,514,44
6017.0,El Dorado,California,38.77965956,-120.5233166,2020-07-27,513,1
35049.0,Santa Fe,New Mexico,35.50708973,-105.9774716,2020-07-27,510,3
48117.0,Deaf Smith,Texas,34.96522957,-102.6054267,2020-07-27,510,15
51095.0,James City,Virginia,37.31156958,-76.76950618,2020-07-27,510,16
13053.0,Chattahoochee,Georgia,32.34341231,-84.78809239,2020-07-27,509,1
22007.0,Assumption,Louisiana,29.89946234,-91.06461642,2020-07-27,509,18
13039.0,Camden,Georgia,30.92951916,-81.66601818,2020-07-27,508,4
48053.0,Burnet,Texas,30.78801353,-98.181887,2020-07-27,507,10
24047.0,Worcester,Maryland,38.21274277,-75.33200012,2020-07-27,506,18
39055.0,Geauga,Ohio,41.49952319,-81.17935342,2020-07-27,506,43
45033.0,Dillon,South Carolina,34.39007791,-79.37741872,2020-07-27,506,21
36021.0,Columbia,New York,42.24819348,-73.63089095,2020-07-27,503,37
48123.0,DeWitt,Texas,29.08101855,-97.3568117,2020-07-27,502,11
90012.0,Unassigned,Florida,0.0,0.0,2020-07-27,501,10
48213.0,Henderson,Texas,32.21128872,-95.85846587,2020-07-27,500,8
55073.0,Marathon,Wisconsin,44.89792533,-89.75863384,2020-07-27,499,4
47043.0,Dickson,Tennessee,36.14669837,-87.35891709,2020-07-27,499,1
55039.0,Fond du Lac,Wisconsin,43.75354908,-88.48885325,2020-07-27,499,6
49045.0,Tooele,Utah,40.44862644,-113.1295715,2020-07-27,498,0
21185.0,Oldham,Kentucky,38.39791089,-85.448222,2020-07-27,497,9
37107.0,Lenoir,North Carolina,35.24032589999999,-77.64245615,2020-07-27,491,11
18145.0,Shelby,Indiana,39.52305623,-85.79158570000001,2020-07-27,491,25
22035.0,East Carroll,Louisiana,32.73926954,-91.23425694,2020-07-27,489,1
46083.0,Lincoln,South Dakota,43.27841182,-96.7203905,2020-07-27,489,1
39139.0,Richland,Ohio,40.77180308,-82.53799609999999,2020-07-27,487,8
45039.0,Fairfield,South Carolina,34.39287073,-81.1195624,2020-07-27,486,23
51685.0,Manassas Park,Virginia,38.77058531,-77.44399307,2020-07-27,486,7
13179.0,Liberty,Georgia,31.82588896,-81.49251135,2020-07-27,485,2
1091.0,Marengo,Alabama,32.24767634,-87.78796182,2020-07-27,484,13
1093.0,Marion,Alabama,34.13697363,-87.88704173,2020-07-27,484,24
13257.0,Stephens,Georgia,34.55151201,-83.29405315,2020-07-27,484,6
13177.0,Lee,Georgia,31.779330600000005,-84.14324253,2020-07-27,483,22
28159.0,Winston,Mississippi,33.08747908,-89.03391385,2020-07-27,483,14
55117.0,Sheboygan,Wisconsin,43.72099677,-87.94579284,2020-07-27,483,5
45021.0,Cherokee,South Carolina,35.05122251,-81.61828622,2020-07-27,480,19
22083.0,Richland,Louisiana,32.41391005,-91.76634876,2020-07-27,477,5
13029.0,Bryan,Georgia,32.00979311,-81.44002948,2020-07-27,475,6
28101.0,Newton,Mississippi,32.40021118,-89.11843336,2020-07-27,475,10
12075.0,Levy,Florida,29.31829741,-82.74007147,2020-07-27,474,2
19181.0,Warren,Iowa,41.33559454,-93.56007641,2020-07-27,474,1
29037.0,Cass,Missouri,38.64789422,-94.353399,2020-07-27,472,8
26005.0,Allegan,Michigan,42.59147037,-85.89102866,2020-07-27,472,7
41017.0,Deschutes,Oregon,43.91570171,-121.2289121,2020-07-27,471,3
17113.0,McLean,Illinois,40.48996987,-88.84621113,2020-07-27,471,15
13213.0,Murray,Georgia,34.78897608,-84.74993177,2020-07-27,470,2
13295.0,Walker,Georgia,34.73376362,-85.30165174,2020-07-27,469,14
22085.0,Sabine,Louisiana,31.56388699,-93.55433981,2020-07-27,469,6
47001.0,Anderson,Tennessee,36.12684348,-84.19965764,2020-07-27,469,4
55089.0,Ozaukee,Wisconsin,43.38352225,-87.94625009,2020-07-27,468,16
22037.0,East Feliciana,Louisiana,30.84425359,-91.04976723,2020-07-27,468,35
37111.0,McDowell,North Carolina,35.67736232,-82.0482425,2020-07-27,468,7
45067.0,Marion,South Carolina,34.07859748,-79.36400756,2020-07-27,465,12
45023.0,Chester,South Carolina,34.69249168,-81.1583216,2020-07-27,464,8
5033.0,Crawford,Arkansas,35.58928601,-94.2446814,2020-07-27,464,3
21037.0,Campbell,Kentucky,38.94384345,-84.37875208,2020-07-27,463,13
4012.0,La Paz,Arizona,33.72854224,-113.9810029,2020-07-27,463,9
18053.0,Grant,Indiana,40.51587228,-85.65468702,2020-07-27,462,29
28007.0,Attala,Mississippi,33.08658803,-89.57838564,2020-07-27,459,23
37197.0,Yadkin,North Carolina,36.16222629,-80.66239436,2020-07-27,458,6
26127.0,Oceana,Michigan,43.64124435,-86.26726673,2020-07-27,458,5
13047.0,Catoosa,Georgia,34.89872298,-85.13757014,2020-07-27,457,8
37153.0,Richmond,North Carolina,35.00417719,-79.74491009,2020-07-27,456,8
28093.0,Marshall,Mississippi,34.76216286,-89.50299462,2020-07-27,456,5
41039.0,Lane,Oregon,43.93727035,-122.847753,2020-07-27,455,3
56013.0,Fremont,Wyoming,43.04183996,-108.6296893,2020-07-27,455,0
47021.0,Cheatham,Tennessee,36.26136216,-87.08903581,2020-07-27,453,4
42037.0,Columbia,Pennsylvania,41.04821986,-76.40565017,2020-07-27,452,35
21093.0,Hardin,Kentucky,37.6976111,-85.96319251,2020-07-27,452,8
33013.0,Merrimack,New Hampshire,43.29662971,-71.6811573,2020-07-27,452,21
29071.0,Franklin,Missouri,38.41127108,-91.07522826,2020-07-27,451,18
47143.0,Rhea,Tennessee,35.60536161,-84.93076643,2020-07-27,450,1
39043.0,Erie,Ohio,41.36796058,-82.62904521,2020-07-27,449,24
39107.0,Mercer,Ohio,40.54043046,-84.62912742,2020-07-27,449,11
13293.0,Upson,Georgia,32.87920671,-84.30024826,2020-07-27,448,45
39169.0,Wayne,Ohio,40.82925852,-81.88844833,2020-07-27,447,58
45061.0,Lee,South Carolina,34.16393091,-80.25690731,2020-07-27,447,25
47045.0,Dyer,Tennessee,36.05931946,-89.41542855,2020-07-27,446,5
42001.0,Adams,Pennsylvania,39.87140411,-77.21610347,2020-07-27,442,17
48477.0,Washington,Texas,30.21498498,-96.40946246,2020-07-27,441,35
45053.0,Jasper,South Carolina,32.43171982,-81.02487495,2020-07-27,440,8
1025.0,Clarke,Alabama,31.68099859,-87.83548597,2020-07-27,440,9
19099.0,Jasper,Iowa,41.68576082,-93.05567785,2020-07-27,439,23
47053.0,Gibson,Tennessee,35.99438059,-88.93358327,2020-07-27,438,1
13123.0,Gilmer,Georgia,34.69316688,-84.45802506,2020-07-27,437,3
12133.0,Washington,Florida,30.61359259,-85.66002461,2020-07-27,437,13
55035.0,Eau Claire,Wisconsin,44.726614,-91.28609183,2020-07-27,436,3
21083.0,Graves,Kentucky,36.72292505,-88.65143315,2020-07-27,435,21
51089.0,Henry,Virginia,36.68542395,-79.87634026,2020-07-27,434,5
51540.0,Charlottesville,Virginia,38.03527919,-78.48569588,2020-07-27,433,8
18173.0,Warrick,Indiana,38.08922676,-87.2716085,2020-07-27,431,29
19197.0,Wright,Iowa,42.73305373,-93.73515113,2020-07-27,431,1
28109.0,Pearl River,Mississippi,30.77090935,-89.58677275,2020-07-27,431,34
37157.0,Rockingham,North Carolina,36.39593137,-79.77504841,2020-07-27,430,6
47107.0,McMinn,Tennessee,35.42812616,-84.61520715,2020-07-27,430,20
1065.0,Hale,Alabama,32.76039258,-87.63284988,2020-07-27,429,23
37113.0,Macon,North Carolina,35.14867843,-83.41696617,2020-07-27,429,2
48463.0,Uvalde,Texas,29.35739637,-99.76229172,2020-07-27,427,3
20161.0,Riley,Kansas,39.28935726,-96.73420026,2020-07-27,426,4
48163.0,Frio,Texas,28.86751206,-99.10804207,2020-07-27,425,5
16031.0,Cassia,Idaho,42.28347888,-113.6012409,2020-07-27,424,1
5091.0,Miller,Arkansas,33.31403423,-93.89285258,2020-07-27,423,3
56021.0,Laramie,Wyoming,41.30702520000001,-104.6887497,2020-07-27,422,0
26045.0,Eaton,Michigan,42.59599185,-84.83740035,2020-07-27,421,7
17099.0,LaSalle,Illinois,41.34426129999999,-88.88633881,2020-07-27,419,18
29101.0,Johnson,Missouri,38.74719601,-93.80691168,2020-07-27,417,1
19149.0,Plymouth,Iowa,42.737633,-96.21366621,2020-07-27,416,8
32007.0,Elko,Nevada,41.14531606,-115.3577619,2020-07-27,416,2
24011.0,Caroline,Maryland,38.87172293,-75.82904158,2020-07-27,412,3
13035.0,Butts,Georgia,33.283094500000004,-83.95435040000002,2020-07-27,411,36
27153.0,Todd,Minnesota,46.06996226,-94.89785296,2020-07-27,411,2
40037.0,Creek,Oklahoma,35.90230551,-96.37086028,2020-07-27,410,12
28145.0,Union,Mississippi,34.49162015,-89.00776006,2020-07-27,410,13
17157.0,Randolph,Illinois,38.05095369,-89.82512254,2020-07-27,409,7
27083.0,Lyon,Minnesota,44.41327865,-95.83806103,2020-07-27,409,3
21047.0,Christian,Kentucky,36.89267803,-87.49055367,2020-07-27,409,5
1011.0,Bullock,Alabama,32.10030533,-85.71265535,2020-07-27,409,11
51081.0,Greensville,Virginia,36.67878901,-77.56351439,2020-07-27,406,9
51161.0,Roanoke,Virginia,37.26865804,-80.06396753,2020-07-27,405,6
31119.0,Madison,Nebraska,41.91676024,-97.6005481,2020-07-27,405,5
51730.0,Petersburg,Virginia,37.20530399,-77.39368102,2020-07-27,404,9
18029.0,Dearborn,Indiana,39.14647946,-84.97333539,2020-07-27,404,27
48493.0,Wilson,Texas,29.1732598,-98.08693082,2020-07-27,403,14
53015.0,Cowlitz,Washington,46.19074721,-122.6782231,2020-07-27,402,3
48025.0,Bee,Texas,28.41761668,-97.74215593,2020-07-27,399,6
13321.0,Worth,Georgia,31.55162306,-83.85090513,2020-07-27,399,23
55109.0,St. Croix,Wisconsin,45.03437474,-92.45000068,2020-07-27,398,2
28147.0,Walthall,Mississippi,31.14971548,-90.10446654,2020-07-27,397,15
25011.0,Franklin,Massachusetts,42.58119713,-72.58602547,2020-07-27,396,59
22067.0,Morehouse,Louisiana,32.81686191,-91.80421614,2020-07-27,396,11
4009.0,Graham,Arizona,32.93166885,-109.8882178,2020-07-27,396,6
35009.0,Curry,New Mexico,34.57421077,-103.3468876,2020-07-27,395,2
72097.0,Mayaguez,Puerto Rico,18.175457,-67.336525,2020-07-27,394,0
48057.0,Calhoun,Texas,28.47048236,-96.61633945,2020-07-27,393,2
48013.0,Atascosa,Texas,28.89333001,-98.52730485,2020-07-27,393,11
18109.0,Morgan,Indiana,39.47899078,-86.44573375,2020-07-27,393,31
47089.0,Jefferson,Tennessee,36.04818632,-83.45148924,2020-07-27,392,2
16067.0,Minidoka,Idaho,42.85518524,-113.6357257,2020-07-27,391,1
45069.0,Marlboro,South Carolina,34.59905577,-79.67561152,2020-07-27,391,4
28017.0,Chickasaw,Mississippi,33.91983202,-88.9481545,2020-07-27,391,19
26087.0,Lapeer,Michigan,43.09052506,-83.22153148,2020-07-27,390,32
36053.0,Madison,New York,42.91653905,-75.67266639,2020-07-27,390,17
51840.0,Winchester,Virginia,39.17054517,-78.17325058,2020-07-27,390,4
72999.0,Unassigned,Puerto Rico,0.0,0.0,2020-07-27,390,0
13005.0,Bacon,Georgia,31.55456473,-82.45936528,2020-07-27,389,5
47099.0,Lawrence,Tennessee,35.21675201,-87.39787695,2020-07-27,388,6
48415.0,Scurry,Texas,32.74613808,-100.9162664,2020-07-27,387,1
1133.0,Winston,Alabama,34.15030532,-87.37325922,2020-07-27,387,10
1105.0,Perry,Alabama,32.64048341,-87.29770589,2020-07-27,387,3
1131.0,Wilcox,Alabama,31.98773215,-87.30891118,2020-07-27,385,9
41061.0,Union,Oregon,45.30915495,-118.0068979,2020-07-27,385,2
28021.0,Claiborne,Mississippi,31.97061673,-90.90702196,2020-07-27,385,12
12059.0,Holmes,Florida,30.86747479,-85.81319222,2020-07-27,384,1
8014.0,Broomfield,Colorado,39.95998787,-105.0566324,2020-07-27,383,32
16053.0,Jerome,Idaho,42.68891267,-114.2655033,2020-07-27,383,6
12043.0,Glades,Florida,26.95635849,-81.18996211,2020-07-27,383,3
40065.0,Jackson,Oklahoma,34.58781741,-99.41138784,2020-07-27,383,3
13163.0,Jefferson,Georgia,33.05867328,-82.41609057,2020-07-27,382,5
6115.0,Yuba,California,39.26255932,-121.3535644,2020-07-27,382,3
41041.0,Lincoln,Oregon,44.64252874,-123.869912,2020-07-27,381,8
42097.0,Northumberland,Pennsylvania,40.84785433,-76.70798222,2020-07-27,381,11
22075.0,Plaquemines,Louisiana,29.42245447,-89.60322085,2020-07-27,381,18
46013.0,Brown,South Dakota,45.58994323,-98.35165355,2020-07-27,379,2
45081.0,Saluda,South Carolina,34.00795823,-81.72713237,2020-07-27,379,6
48473.0,Waller,Texas,30.01058447,-95.99011759,2020-07-27,377,4
17115.0,Macon,Illinois,39.86064913,-88.96342505,2020-07-27,377,22
13207.0,Monroe,Georgia,33.014289,-83.92097166,2020-07-27,376,22
40051.0,Grady,Oklahoma,35.0167709,-97.88339847,2020-07-27,376,6
72113.0,Ponce,Puerto Rico,18.059498,-66.613748,2020-07-27,375,0
21107.0,Hopkins,Kentucky,37.30939025,-87.54670406,2020-07-27,374,33
18167.0,Vigo,Indiana,39.42944561,-87.39169027,2020-07-27,374,9
19115.0,Louisa,Iowa,41.21842119,-91.26102611,2020-07-27,373,13
5139.0,Union,Arkansas,33.16887091,-92.59746952,2020-07-27,373,15
2090.0,Fairbanks North Star,Alaska,64.80726247,-146.5692662,2020-07-27,372,4
37099.0,Jackson,North Carolina,35.28814273,-83.14093385,2020-07-27,372,3
29195.0,Saline,Missouri,39.13734288,-93.20259964,2020-07-27,371,6
48143.0,Erath,Texas,32.23602653,-98.21773417,2020-07-27,371,4
45009.0,Bamberg,South Carolina,33.21927586,-81.05659969,2020-07-27,371,9
40041.0,Delaware,Oklahoma,36.40823634,-94.80325046,2020-07-27,370,19
24035.0,Queen Anne's,Maryland,39.06198912,-76.03530977,2020-07-27,370,23
28103.0,Noxubee,Mississippi,33.11009499,-88.56949061,2020-07-27,370,10
1111.0,Randolph,Alabama,33.29526734,-85.45708831,2020-07-27,367,10
26037.0,Clinton,Michigan,42.94400871,-84.60145248,2020-07-27,367,12
26091.0,Lenawee,Michigan,41.89475156,-84.06603727,2020-07-27,366,11
44005.0,Newport,Rhode Island,41.5642026,-71.26569799,2020-07-27,365,0
20037.0,Crawford,Kansas,37.50675523,-94.85245778,2020-07-27,364,1
26159.0,Van Buren,Michigan,42.25190229,-86.01939087,2020-07-27,364,11
13229.0,Pierce,Georgia,31.35928155,-82.21598442,2020-07-27,363,5
72135.0,Toa Alta,Puerto Rico,18.362406,-66.246616,2020-07-27,363,0
53001.0,Adams,Washington,46.98299757,-118.5601734,2020-07-27,363,1
1099.0,Monroe,Alabama,31.56729412,-87.36995001,2020-07-27,362,3
40101.0,Muskogee,Oklahoma,35.61318461,-95.37802952,2020-07-27,359,16
19059.0,Dickinson,Iowa,43.37787725,-95.1510206,2020-07-27,359,4
22127.0,Winn,Louisiana,31.94449367,-92.63789413,2020-07-27,358,7
13131.0,Grady,Georgia,30.87454847,-84.23418364,2020-07-27,358,4
17141.0,Ogle,Illinois,42.04165196,-89.32184679,2020-07-27,357,5
42027.0,Centre,Pennsylvania,40.92058903,-77.82200624,2020-07-27,357,9
5085.0,Lonoke,Arkansas,34.75392199,-91.88742357,2020-07-27,356,2
53071.0,Walla Walla,Washington,46.23040051,-118.4775539,2020-07-27,354,3
51680.0,Lynchburg,Virginia,37.40021399,-79.19888138,2020-07-27,354,1
42025.0,Carbon,Pennsylvania,40.91545395,-75.7068525,2020-07-27,352,28
17001.0,Adams,Illinois,39.98815591,-91.18786813,2020-07-27,352,1
48419.0,Shelby,Texas,31.79211404,-94.14550696,2020-07-27,351,17
48283.0,La Salle,Texas,28.34453111,-99.09908775,2020-07-27,351,1
28129.0,Smith,Mississippi,32.01744532,-89.50644846,2020-07-27,350,12
40087.0,McClain,Oklahoma,35.01123903,-97.44572302,2020-07-27,349,4
28135.0,Tallahatchie,Mississippi,33.95339918,-90.1729398,2020-07-27,349,6
13081.0,Crisp,Georgia,31.92289565,-83.76811843,2020-07-27,348,14
1119.0,Sumter,Alabama,32.59117397,-88.19916205,2020-07-27,348,15
,Central Utah,Utah,39.37231946,-111.5758676,2020-07-27,347,1
48149.0,Fayette,Texas,29.87788372,-96.92076062,2020-07-27,346,12
13219.0,Oconee,Georgia,33.83749973,-83.43679568,2020-07-27,346,15
47097.0,Lauderdale,Tennessee,35.75893438,-89.63015909999999,2020-07-27,345,6
51187.0,Warren,Virginia,38.90847745,-78.20280433,2020-07-27,345,7
28025.0,Clay,Mississippi,33.65358105,-88.77784255,2020-07-27,345,13
13075.0,Cook,Georgia,31.16068491,-83.42947229,2020-07-27,344,5
72137.0,Toa Baja,Puerto Rico,18.431446,-66.213553,2020-07-27,344,0
18065.0,Henry,Indiana,39.93029017,-85.39625719,2020-07-27,344,18
36069.0,Ontario,New York,42.85145728,-77.30874425,2020-07-27,343,34
27047.0,Freeborn,Minnesota,43.67385583,-93.34884422,2020-07-27,342,1
28013.0,Calhoun,Mississippi,33.93683395,-89.33686647,2020-07-27,342,8
28061.0,Jasper,Mississippi,32.01922104,-89.11786866,2020-07-27,341,6
22049.0,Jackson,Louisiana,32.30251776,-92.55692092,2020-07-27,340,18
1035.0,Conecuh,Alabama,31.43401703,-86.99320044,2020-07-27,340,9
22013.0,Bienville,Louisiana,32.34569994,-93.05398492,2020-07-27,340,29
12077.0,Liberty,Florida,30.23766008,-84.8829258,2020-07-27,339,2
13033.0,Burke,Georgia,33.05917989,-81.99928721,2020-07-27,339,7
1107.0,Pickens,Alabama,33.28094866,-88.08818103,2020-07-27,338,9
72139.0,Trujillo Alto,Puerto Rico,18.336159,-65.99888399999999,2020-07-27,338,0
13303.0,Washington,Georgia,32.96711864,-82.79357039,2020-07-27,337,1
47071.0,Hardin,Tennessee,35.19732531,-88.18593755,2020-07-27,336,7
39077.0,Huron,Ohio,41.14651175,-82.59867951,2020-07-27,334,3
13267.0,Tattnall,Georgia,32.04785085,-82.05539188,2020-07-27,334,1
27137.0,St. Louis,Minnesota,47.6048407,-92.46879855,2020-07-27,331,17
13107.0,Emanuel,Georgia,32.59221302,-82.30239915,2020-07-27,330,5
21183.0,Ohio,Kentucky,37.47751843,-86.85368087,2020-07-27,330,5
55135.0,Waupaca,Wisconsin,44.47068056,-88.96534501,2020-07-27,330,14
51139.0,Page,Virginia,38.61807452,-78.48797204,2020-07-27,329,24
51630.0,Fredericksburg,Virginia,38.2977863,-77.4922454,2020-07-27,329,2
31001.0,Adams,Nebraska,40.52449420000001,-98.50117804,2020-07-27,328,11
90025.0,Unassigned,Massachusetts,0.0,0.0,2020-07-27,328,0
13027.0,Brooks,Georgia,30.83922642,-83.58303423,2020-07-27,328,13
18181.0,White,Indiana,40.74911165,-86.86492015,2020-07-27,327,10
1007.0,Bibb,Alabama,32.99642064,-87.12511459999996,2020-07-27,327,2
13119.0,Franklin,Georgia,34.37525597,-83.23159927,2020-07-27,327,3
40111.0,Okmulgee,Oklahoma,35.64661916,-95.96432828,2020-07-27,326,0
51640.0,Galax,Virginia,36.66601852,-80.91703124,2020-07-27,326,16
18023.0,Clinton,Indiana,40.30319754,-86.47277257,2020-07-27,326,3
13099.0,Early,Georgia,31.32155345,-84.90255207,2020-07-27,326,31
40113.0,Osage,Oklahoma,36.62888819,-96.39635704,2020-07-27,325,10
47035.0,Cumberland,Tennessee,35.95271721,-84.99840585,2020-07-27,325,6
5017.0,Chicot,Arkansas,33.26458973,-91.29539209,2020-07-27,325,4
5015.0,Carroll,Arkansas,36.34038560000001,-93.54270261,2020-07-27,325,6
48265.0,Kerr,Texas,30.06040006,-99.34930144,2020-07-27,324,4
13199.0,Meriwether,Georgia,33.04163534,-84.68859732,2020-07-27,323,5
40013.0,Bryan,Oklahoma,33.96472458,-96.25903472,2020-07-27,323,1
20169.0,Saline,Kansas,38.78369175,-97.65185177,2020-07-27,322,4
55097.0,Portage,Wisconsin,44.47558711,-89.50152965,2020-07-27,322,0
21125.0,Laurel,Kentucky,37.10975748,-84.11321779,2020-07-27,322,4
47077.0,Henderson,Tennessee,35.65581134,-88.38600175,2020-07-27,320,0
33017.0,Strafford,New Hampshire,43.291833,-71.02336013,2020-07-27,320,13
13161.0,Jeff Davis,Georgia,31.80405727,-82.63724870000001,2020-07-27,319,5
18107.0,Montgomery,Indiana,40.04034823,-86.89335024,2020-07-27,319,21
22125.0,West Feliciana,Louisiana,30.87882871,-91.4148538,2020-07-27,319,15
51149.0,Prince George,Virginia,37.18497668,-77.22922187,2020-07-27,319,2
35061.0,Valencia,New Mexico,34.71669834,-106.8103733,2020-07-27,319,3
24019.0,Dorchester,Maryland,38.45413522,-76.02752426,2020-07-27,319,5
39009.0,Athens,Ohio,39.33425634,-82.04278644,2020-07-27,319,1
53037.0,Kittitas,Washington,47.12521214,-120.679439,2020-07-27,319,12
47019.0,Carter,Tennessee,36.28969086,-82.12588974,2020-07-27,318,4
8117.0,Summit,Colorado,39.63803232,-106.1150762,2020-07-27,318,4
24041.0,Talbot,Maryland,38.76618159,-76.10882561,2020-07-27,317,4
47177.0,Warren,Tennessee,35.6728299,-85.77969117,2020-07-27,317,3
13237.0,Putnam,Georgia,33.32056115,-83.37552891,2020-07-27,317,17
39123.0,Ottawa,Ohio,41.53781826,-83.0940185,2020-07-27,316,24
51159.0,Richmond,Virginia,37.937575,-76.72920628,2020-07-27,316,4
12041.0,Gilchrist,Florida,29.72856978,-82.79880657,2020-07-27,315,1
51093.0,Isle of Wight,Virginia,36.90579348,-76.70842863,2020-07-27,315,9
17029.0,Coles,Illinois,39.51949084,-88.22358557,2020-07-27,315,17
42051.0,Fayette,Pennsylvania,39.92041012,-79.64291195,2020-07-27,314,4
39075.0,Holmes,Ohio,40.56163713,-81.92635677,2020-07-27,313,5
21151.0,Madison,Kentucky,37.71659336,-84.27220275,2020-07-27,312,1
6089.0,Shasta,California,40.76391419,-122.0396884,2020-07-27,311,8
27147.0,Steele,Minnesota,44.02240351,-93.22627088,2020-07-27,311,1
48049.0,Brown,Texas,31.77430356,-98.99907113,2020-07-27,311,13
12003.0,Baker,Florida,30.33060121,-82.28467476,2020-07-27,310,4
47031.0,Coffee,Tennessee,35.49090731,-86.07311784,2020-07-27,309,0
37059.0,Davie,North Carolina,35.93099927,-80.54496571,2020-07-27,309,4
48221.0,Hood,Texas,32.42990927,-97.83242024,2020-07-27,308,6
48273.0,Kleberg,Texas,27.42435506,-97.69894948,2020-07-27,308,2
26023.0,Branch,Michigan,41.91600556,-85.05929476,2020-07-27,307,2
17177.0,Stephenson,Illinois,42.35129217,-89.662598,2020-07-27,307,6
17027.0,Clinton,Illinois,38.60704876,-89.42385254,2020-07-27,306,17
37139.0,Pasquotank,North Carolina,36.26723798,-76.25134778,2020-07-27,305,17
32023.0,Nye,Nevada,38.04264256,-116.4722702,2020-07-27,305,7
40125.0,Pottawatomie,Oklahoma,35.20614018,-96.94923008,2020-07-27,305,6
13017.0,Ben Hill,Georgia,31.76095874,-83.22145359,2020-07-27,303,1
41029.0,Jackson,Oregon,42.43201126,-122.7289309,2020-07-27,302,0
47029.0,Cocke,Tennessee,35.9278914,-83.11828725,2020-07-27,302,1
35006.0,Cibola,New Mexico,34.91131525,-107.998876,2020-07-27,302,17
26155.0,Shiawassee,Michigan,42.95392800000001,-84.14585902,2020-07-27,301,28
48401.0,Rusk,Texas,32.10773545,-94.76176432,2020-07-27,300,8
42085.0,Mercer,Pennsylvania,41.30248872,-80.25816981,2020-07-27,300,9
51035.0,Carroll,Virginia,36.73066666,-80.73455942,2020-07-27,299,10
42081.0,Lycoming,Pennsylvania,41.34310539,-77.06629984,2020-07-27,299,20
18093.0,Lawrence,Indiana,38.84112637,-86.48361629,2020-07-27,297,27
51131.0,Northampton,Virginia,37.34062933,-75.87751591,2020-07-27,297,28
48467.0,Van Zandt,Texas,32.56483801,-95.83766469,2020-07-27,297,1
21145.0,McCracken,Kentucky,37.05350953,-88.70445755,2020-07-27,296,3
29159.0,Pettis,Missouri,38.72798918,-93.28471706,2020-07-27,296,3
51117.0,Mecklenburg,Virginia,36.67882005,-78.36131056,2020-07-27,295,30
47059.0,Greene,Tennessee,36.17470125,-82.84691273,2020-07-27,295,5
45011.0,Barnwell,South Carolina,33.26679302,-81.43584352,2020-07-27,294,2
47131.0,Obion,Tennessee,36.35732446,-89.14921589,2020-07-27,294,4
36113.0,Warren,New York,43.56173026,-73.8433699,2020-07-27,294,33
47075.0,Haywood,Tennessee,35.58332824,-89.28536625,2020-07-27,294,4
47159.0,Smith,Tennessee,36.25359775,-85.95411046,2020-07-27,294,2
29201.0,Scott,Missouri,37.05588075,-89.56474493,2020-07-27,294,13
55111.0,Sauk,Wisconsin,43.42574087,-89.94966132,2020-07-27,293,3
27165.0,Watonwan,Minnesota,43.97823903,-94.61413846,2020-07-27,292,0
56039.0,Teton,Wyoming,43.93522482,-110.5890801,2020-07-27,292,0
55043.0,Grant,Wisconsin,42.8671731,-90.7063218,2020-07-27,291,14
42073.0,Lawrence,Pennsylvania,40.99206278,-80.33393706,2020-07-27,291,11
40047.0,Garfield,Oklahoma,36.3791334,-97.78265517,2020-07-27,291,3
51143.0,Pittsylvania,Virginia,36.81980341,-79.39731264,2020-07-27,291,2
37013.0,Beaufort,North Carolina,35.48531943,-76.84325809,2020-07-27,291,2
1087.0,Macon,Alabama,32.38759944,-85.69267724,2020-07-27,291,12
44001.0,Bristol,Rhode Island,41.71018079,-71.28652315,2020-07-27,290,0
36073.0,Orleans,New York,43.2516977,-78.2320066,2020-07-27,290,54
48369.0,Parmer,Texas,34.52993409,-102.7844668,2020-07-27,289,7
37131.0,Northampton,North Carolina,36.41736238,-77.39769443,2020-07-27,289,16
40015.0,Caddo,Oklahoma,35.17364557,-98.37534464,2020-07-27,289,12
21141.0,Logan,Kentucky,36.85949479,-86.877635,2020-07-27,288,19
36101.0,Steuben,New York,42.2689144,-77.3829924,2020-07-27,288,42
27009.0,Benton,Minnesota,45.69804958,-93.99514135,2020-07-27,288,3
16075.0,Payette,Idaho,44.00545243,-116.7647695,2020-07-27,288,2
54011.0,Cabell,West Virginia,38.42424062,-82.23855912,2020-07-27,287,2
37007.0,Anson,North Carolina,34.97403241,-80.09953279,2020-07-27,287,2
31019.0,Buffalo,Nebraska,40.85486962,-99.07500296,2020-07-27,287,1
13105.0,Elbert,Georgia,34.11302332,-82.83936148,2020-07-27,286,1
21031.0,Butler,Kentucky,37.20946153,-86.68748787,2020-07-27,286,14
41071.0,Yamhill,Oregon,45.23330449,-123.3086963,2020-07-27,286,9
42061.0,Huntingdon,Pennsylvania,40.42162652,-77.97673273,2020-07-27,286,4
54037.0,Jefferson,West Virginia,39.30776166,-77.86014147,2020-07-27,284,4
21101.0,Henderson,Kentucky,37.79344553,-87.57392021,2020-07-27,284,4
17195.0,Whiteside,Illinois,41.75509713,-89.91556058,2020-07-27,284,16
39141.0,Ross,Ohio,39.33705391,-83.06000914,2020-07-27,283,5
39143.0,Sandusky,Ohio,41.35624126,-83.137872,2020-07-27,282,15
36039.0,Greene,New York,42.275797,-74.12384884,2020-07-27,282,18
51199.0,York,Virginia,37.24374789,-76.54412815,2020-07-27,282,3
35039.0,Rio Arriba,New Mexico,36.51072137,-106.6931674,2020-07-27,280,3
19183.0,Washington,Iowa,41.33577126,-91.71725711,2020-07-27,280,9
32510.0,Carson City,Nevada,39.15509045,-119.7480219,2020-07-27,280,7
17179.0,Tazewell,Illinois,40.50716185,-89.51404662,2020-07-27,280,8
13049.0,Charlton,Georgia,30.78371028,-82.13951596,2020-07-27,279,3
28161.0,Yalobusha,Mississippi,34.02824175,-89.70762049999998,2020-07-27,279,10
39037.0,Darke,Ohio,40.13412966,-84.6194517,2020-07-27,279,26
28003.0,Alcorn,Mississippi,34.88084463,-88.57996173,2020-07-27,278,3
8015.0,Chaffee,Colorado,38.74745778,-106.19265729999998,2020-07-27,278,19
1129.0,Washington,Alabama,31.4092794,-88.20689944,2020-07-27,278,10
28023.0,Clarke,Mississippi,32.04158545,-88.68896219999998,2020-07-27,278,25
18031.0,Decatur,Indiana,39.30712658,-85.50087166,2020-07-27,278,32
40115.0,Ottawa,Oklahoma,36.83532655,-94.81011909,2020-07-27,277,2
37079.0,Greene,North Carolina,35.48544173,-77.67578087,2020-07-27,277,3
13195.0,Madison,Georgia,34.12920917,-83.21218732,2020-07-27,277,4
13273.0,Terrell,Georgia,31.77527543,-84.44069698,2020-07-27,277,29
28045.0,Hancock,Mississippi,30.41830223,-89.48851033,2020-07-27,277,14
2122.0,Kenai Peninsula,Alaska,60.24429722,-151.53888840000005,2020-07-27,276,2
39097.0,Madison,Ohio,39.89381073,-83.40178317,2020-07-27,276,9
26157.0,Tuscola,Michigan,43.46606813,-83.41897025,2020-07-27,276,27
45049.0,Hampton,South Carolina,32.77419582,-81.13845571,2020-07-27,275,6
45087.0,Union,South Carolina,34.68835752,-81.61730349,2020-07-27,274,1
31157.0,Scotts Bluff,Nebraska,41.85070896,-103.7080986,2020-07-27,274,6
48331.0,Milam,Texas,30.78581830000001,-96.97718698,2020-07-27,273,4
6011.0,Colusa,California,39.17881957,-122.2331726,2020-07-27,273,2
17181.0,Union,Illinois,37.47119609,-89.25548938,2020-07-27,273,21
47055.0,Giles,Tennessee,35.20222469,-87.03992678,2020-07-27,273,5
28077.0,Lawrence,Mississippi,31.55147224,-90.10841127,2020-07-27,273,3
45017.0,Calhoun,South Carolina,33.66926881,-80.77722168,2020-07-27,272,4
45001.0,Abbeville,South Carolina,34.22333378,-82.46170658,2020-07-27,272,4
48497.0,Wise,Texas,33.21570665,-97.65460265,2020-07-27,272,4
12123.0,Taylor,Florida,30.04848048,-83.60445406,2020-07-27,272,3
47123.0,Monroe,Tennessee,35.44550387,-84.24902965,2020-07-27,271,7
35005.0,Chaves,New Mexico,33.36406072,-104.4665365,2020-07-27,270,4
27103.0,Nicollet,Minnesota,44.35291112,-94.24710352,2020-07-27,270,13
18177.0,Wayne,Indiana,39.8633444,-85.01044989,2020-07-27,270,7
36035.0,Fulton,New York,43.11363907,-74.41798804,2020-07-27,270,24
17199.0,Williamson,Illinois,37.73033511,-88.92994027,2020-07-27,270,4
26111.0,Midland,Michigan,43.64330771,-84.38804374,2020-07-27,270,9
51590.0,Danville,Virginia,36.58022376,-79.40395668,2020-07-27,269,3
13003.0,Atkinson,Georgia,31.29633502,-82.87545866,2020-07-27,268,2
48241.0,Jasper,Texas,30.74685667,-94.02667579,2020-07-27,268,5
41031.0,Jefferson,Oregon,44.62806839,-121.17832,2020-07-27,267,0
29213.0,Taney,Missouri,36.65465345,-93.04075153,2020-07-27,267,3
37031.0,Carteret,North Carolina,34.8932941,-76.54120135,2020-07-27,267,5
21029.0,Bullitt,Kentucky,37.97162523,-85.68955617,2020-07-27,267,4
36037.0,Genesee,New York,43.0022601,-78.19135193,2020-07-27,266,5
6045.0,Mendocino,California,39.4381191,-123.3911313,2020-07-27,265,6
6021.0,Glenn,California,39.59875897,-122.3938452,2020-07-27,265,1
13141.0,Hancock,Georgia,33.2721566,-82.99766919,2020-07-27,264,34
48217.0,Hill,Texas,31.99045053,-97.13423143,2020-07-27,264,1
51183.0,Sussex,Virginia,36.92432914,-77.25791182,2020-07-27,264,7
26027.0,Cass,Michigan,41.91522292,-85.99405727,2020-07-27,263,8
72145.0,Vega Baja,Puerto Rico,18.428262,-66.397924,2020-07-27,263,0
1023.0,Choctaw,Alabama,32.02227341,-88.26564429999998,2020-07-27,263,12
72029.0,Canovanas,Puerto Rico,18.328802,-65.887612,2020-07-27,263,0
55121.0,Trempealeau,Wisconsin,44.30360275,-91.35893614,2020-07-27,262,1
16005.0,Bannock,Idaho,42.67002716,-112.2233311,2020-07-27,262,2
21009.0,Barren,Kentucky,36.96469836,-85.93338945,2020-07-27,262,2
21209.0,Scott,Kentucky,38.29622293,-84.5816631,2020-07-27,262,0
12013.0,Calhoun,Florida,30.40666734,-85.19394153,2020-07-27,261,7
29165.0,Platte,Missouri,39.38154439,-94.77068479,2020-07-27,260,6
24001.0,Allegany,Maryland,39.62357628,-78.69280486,2020-07-27,260,18
8085.0,Montrose,Colorado,38.40214114,-108.26390220000002,2020-07-27,260,13
40019.0,Carter,Oklahoma,34.25103751,-97.28552485,2020-07-27,259,3
48365.0,Panola,Texas,32.163959600000005,-94.30552481,2020-07-27,258,18
51147.0,Prince Edward,Virginia,37.22554789,-78.43597949,2020-07-27,258,6
36089.0,St. Lawrence,New York,44.4976179,-75.06550039,2020-07-27,258,4
51121.0,Montgomery,Virginia,37.17746986,-80.37868691,2020-07-27,257,3
28057.0,Itawamba,Mississippi,34.27993475,-88.3606733,2020-07-27,257,9
26067.0,Ionia,Michigan,42.94502238,-85.07413319,2020-07-27,256,5
13225.0,Peach,Georgia,32.56934316,-83.82937,2020-07-27,256,10
37003.0,Alexander,North Carolina,35.922379600000006,-81.17751948,2020-07-27,256,2
47041.0,DeKalb,Tennessee,35.97616272,-85.83689361,2020-07-27,255,1
28117.0,Prentiss,Mississippi,34.61810501,-88.51986294,2020-07-27,255,6
6057.0,Nevada,California,39.30394768,-120.7627281,2020-07-27,255,1
55071.0,Manitowoc,Wisconsin,44.11946801,-87.80928853,2020-07-27,255,1
36115.0,Washington,New York,43.31153794,-73.43043448,2020-07-27,254,14
13311.0,White,Georgia,34.64624278,-83.74905525,2020-07-27,254,5
41053.0,Polk,Oregon,44.90322804,-123.4128888,2020-07-27,254,12
1079.0,Lawrence,Alabama,34.52041498,-87.31069453,2020-07-27,254,0
18061.0,Harrison,Indiana,38.19467379,-86.10948271,2020-07-27,252,22
28097.0,Montgomery,Mississippi,33.49419589,-89.61729103,2020-07-27,250,3
41049.0,Morrow,Oregon,45.41846568,-119.584546,2020-07-27,250,1
5107.0,Phillips,Arkansas,34.43268455,-90.84800154,2020-07-27,250,6
12045.0,Gulf,Florida,29.93543004,-85.24270990000002,2020-07-27,249,0
47145.0,Roane,Tennessee,35.84923189,-84.52458689,2020-07-27,249,1
17063.0,Grundy,Illinois,41.28569601,-88.41905692,2020-07-27,249,5
51670.0,Hopewell,Virginia,37.29186313,-77.29754684,2020-07-27,248,5
28053.0,Humphreys,Mississippi,33.12825718,-90.52252707,2020-07-27,248,10
47109.0,McNairy,Tennessee,35.17468549,-88.5647812,2020-07-27,247,2
28039.0,George,Mississippi,30.86259065,-88.64436789,2020-07-27,247,5
40097.0,Mayes,Oklahoma,36.30179091,-95.23175116,2020-07-27,247,5
5087.0,Madison,Arkansas,36.01038185,-93.72524943,2020-07-27,246,1
40001.0,Adair,Oklahoma,35.88494195,-94.65859267,2020-07-27,246,5
5061.0,Howard,Arkansas,34.09007427,-93.9934871,2020-07-27,246,2
39063.0,Hancock,Ohio,41.00250487,-83.66838948,2020-07-27,245,2
22043.0,Grant,Louisiana,31.59882456,-92.56124347,2020-07-27,244,3
26123.0,Newaygo,Michigan,43.554374,-85.80070107,2020-07-27,243,0
51015.0,Augusta,Virginia,38.16404586,-79.12461614,2020-07-27,243,3
22025.0,Catahoula,Louisiana,31.66778967,-91.84526385,2020-07-27,243,3
19045.0,Clinton,Iowa,41.89981633,-90.53275096,2020-07-27,243,2
36117.0,Wayne,New York,43.15494365,-77.02976528,2020-07-27,243,3
90009.0,Unassigned,Connecticut,0.0,0.0,2020-07-27,242,0
21113.0,Jessamine,Kentucky,37.87119786,-84.58252003,2020-07-27,242,0
13187.0,Lumpkin,Georgia,34.57286511,-84.00425681,2020-07-27,242,5
13085.0,Dawson,Georgia,34.44244079,-84.16964071,2020-07-27,241,3
48499.0,Wood,Texas,32.78722382,-95.38236368,2020-07-27,241,5
40021.0,Cherokee,Oklahoma,35.90692775,-94.99980896,2020-07-27,240,1
37087.0,Haywood,North Carolina,35.55269063,-82.98196486,2020-07-27,240,0
28139.0,Tippah,Mississippi,34.76872156,-88.90988194,2020-07-27,240,11
36075.0,Oswego,New York,43.42778894,-76.14635194,2020-07-27,239,3
13189.0,McDuffie,Georgia,33.47851918,-82.48252774,2020-07-27,239,9
13259.0,Stewart,Georgia,32.07996777,-84.83208037,2020-07-27,239,5
13111.0,Fannin,Georgia,34.86430205,-84.316964,2020-07-27,238,2
29187.0,St. Francois,Missouri,37.81214171,-90.47598685,2020-07-27,238,2
22029.0,Concordia,Louisiana,31.44817835,-91.63814433,2020-07-27,238,7
37091.0,Hertford,North Carolina,36.3607755,-76.98104134,2020-07-27,237,11
13271.0,Telfair,Georgia,31.92829517,-82.93491155,2020-07-27,237,4
48225.0,Houston,Texas,31.31925973,-95.42226208,2020-07-27,236,4
18103.0,Miami,Indiana,40.76940965,-86.04525048,2020-07-27,236,2
51019.0,Bedford,Virginia,37.3080028,-79.5281964,2020-07-27,236,4
12007.0,Bradford,Florida,29.95079741,-82.16611613,2020-07-27,236,3
13243.0,Randolph,Georgia,31.76622818,-84.75732369,2020-07-27,235,26
2170.0,Matanuska-Susitna,Alaska,62.31305045,-149.5741743,2020-07-27,235,2
1063.0,Greene,Alabama,32.85504247,-87.95684022,2020-07-27,235,11
45037.0,Edgefield,South Carolina,33.77221995,-81.96231108,2020-07-27,235,6
56041.0,Uinta,Wyoming,41.2878183,-110.54757820000002,2020-07-27,235,0
36043.0,Herkimer,New York,43.42034246,-74.96145307,2020-07-27,234,4
12125.0,Union,Florida,30.04412971,-82.37497443,2020-07-27,234,4
21013.0,Bell,Kentucky,36.73355174,-83.67766671,2020-07-27,234,2
5063.0,Independence,Arkansas,35.74242707,-91.57001641,2020-07-27,233,0
48089.0,Colorado,Texas,29.622098,-96.5273805,2020-07-27,233,1
8077.0,Mesa,Colorado,39.01787888,-108.469799,2020-07-27,233,1
37189.0,Watauga,North Carolina,36.23103603,-81.70033724,2020-07-27,232,0
37165.0,Scotland,North Carolina,34.8386299,-79.4757978,2020-07-27,232,2
55075.0,Marinette,Wisconsin,45.38553432,-88.03324599999998,2020-07-27,232,3
13227.0,Pickens,Georgia,34.46589159,-84.46406611,2020-07-27,232,5
28015.0,Carroll,Mississippi,33.44834567,-89.91994479,2020-07-27,232,11
38059.0,Morton,North Dakota,46.71681782,-101.2822377,2020-07-27,231,3
13093.0,Dooly,Georgia,32.15630737,-83.79746561,2020-07-27,231,14
12029.0,Dixie,Florida,29.60631086,-83.15724673,2020-07-27,231,4
54069.0,Ohio,West Virginia,40.0955451,-80.62203992,2020-07-27,230,3
26059.0,Hillsdale,Michigan,41.88753639,-84.59312019,2020-07-27,230,25
5055.0,Greene,Arkansas,36.11735460000001,-90.55832668,2020-07-27,230,1
28141.0,Tishomingo,Mississippi,34.74023475,-88.23917219,2020-07-27,230,3
24029.0,Kent,Maryland,39.24976208,-76.04741541,2020-07-27,229,23
13019.0,Berrien,Georgia,31.27590016,-83.22529920000002,2020-07-27,229,0
29051.0,Cole,Missouri,38.50455671,-92.27860244,2020-07-27,229,2
1041.0,Crenshaw,Alabama,31.72941803,-86.31593104,2020-07-27,229,3
37185.0,Warren,North Carolina,36.39728256,-78.10652228,2020-07-27,228,6
29113.0,Lincoln,Missouri,39.05345619,-90.95588181,2020-07-27,228,1
48003.0,Andrews,Texas,32.30468633,-102.6376548,2020-07-27,228,5
72013.0,Arecibo,Puerto Rico,18.406631,-66.675077,2020-07-27,228,0
17133.0,Monroe,Illinois,38.27594376,-90.17761038,2020-07-27,227,13
22123.0,West Carroll,Louisiana,32.78550125,-91.461201,2020-07-27,226,5
51175.0,Southampton,Virginia,36.72231125,-77.10642712,2020-07-27,226,11
30003.0,Big Horn,Montana,45.42335905,-107.492347,2020-07-27,226,5
19079.0,Hamilton,Iowa,42.38382428,-93.70197703,2020-07-27,226,1
36109.0,Tompkins,New York,42.44945765,-76.47229843,2020-07-27,225,0
13169.0,Jones,Georgia,33.02512137,-83.56019163,2020-07-27,225,1
53029.0,Island,Washington,48.14713305,-122.5216407,2020-07-27,225,11
35015.0,Eddy,New Mexico,32.47167456,-104.3053527,2020-07-27,225,2
54107.0,Wood,West Virginia,39.20967886,-81.5162836,2020-07-27,224,3
41043.0,Linn,Oregon,44.48899494,-122.5373154,2020-07-27,224,10
47073.0,Hawkins,Tennessee,36.44355426,-82.94885298,2020-07-27,224,2
22091.0,St. Helena,Louisiana,30.82210324,-90.71013176,2020-07-27,224,1
1067.0,Henry,Alabama,31.51148016,-85.24267944,2020-07-27,223,3
17095.0,Knox,Illinois,40.93148779,-90.21330340000002,2020-07-27,223,1
18143.0,Scott,Indiana,38.68672078,-85.74627859,2020-07-27,223,10
42063.0,Indiana,Pennsylvania,40.65241041,-79.08963285,2020-07-27,223,6
5145.0,White,Arkansas,35.25688493,-91.74908296,2020-07-27,222,2
18055.0,Greene,Indiana,39.03630547,-86.96223202,2020-07-27,222,34
56037.0,Sweetwater,Wyoming,41.65943896,-108.8827882,2020-07-27,221,0
37169.0,Stokes,North Carolina,36.4017975,-80.23893369,2020-07-27,221,2
42021.0,Cambria,Pennsylvania,40.49527404,-78.71377428,2020-07-27,221,3
37039.0,Cherokee,North Carolina,35.1349263,-84.05970864,2020-07-27,221,3
27169.0,Winona,Minnesota,43.98772283,-91.78081305,2020-07-27,221,16
8003.0,Alamosa,Colorado,37.57250606,-105.7885451,2020-07-27,220,7
8051.0,Gunnison,Colorado,38.66611652,-107.0320729,2020-07-27,220,6
17075.0,Iroquois,Illinois,40.74717633,-87.82466784,2020-07-27,219,5
48051.0,Burleson,Texas,30.49273808,-96.62158484,2020-07-27,219,4
47117.0,Marshall,Tennessee,35.45798777,-86.76420988,2020-07-27,218,2
19015.0,Boone,Iowa,42.03657094,-93.9313999,2020-07-27,218,1
55015.0,Calumet,Wisconsin,44.0816316,-88.21780273,2020-07-27,218,2
36013.0,Chautauqua,New York,42.22769210000001,-79.36691763,2020-07-27,218,9
72051.0,Dorado,Puerto Rico,18.436115,-66.278669,2020-07-27,217,0
13101.0,Echols,Georgia,30.71101099,-82.89687287,2020-07-27,217,0
21073.0,Franklin,Kentucky,38.2379395,-84.87962551,2020-07-27,216,5
29029.0,Camden,Missouri,38.02199522,-92.76083747,2020-07-27,216,3
37015.0,Bertie,North Carolina,36.0688473,-76.96545943,2020-07-27,215,4
13133.0,Greene,Georgia,33.5769205,-83.17139104,2020-07-27,215,11
47051.0,Franklin,Tennessee,35.15634626,-86.09201039,2020-07-27,213,3
37117.0,Martin,North Carolina,35.84326734,-77.10860251,2020-07-27,211,6
13165.0,Jenkins,Georgia,32.79248718,-81.96040187,2020-07-27,211,19
21003.0,Allen,Kentucky,36.75197631,-86.19457544,2020-07-27,211,8
13011.0,Banks,Georgia,34.35607081,-83.49644388,2020-07-27,209,3
28069.0,Kemper,Mississippi,32.75462946,-88.64105766,2020-07-27,209,15
13287.0,Turner,Georgia,31.71612656,-83.62069378,2020-07-27,209,18
13167.0,Johnson,Georgia,32.70211082,-82.66166794,2020-07-27,209,5
18133.0,Putnam,Indiana,39.66437981,-86.84517605,2020-07-27,208,8
13147.0,Hart,Georgia,34.34626973,-82.96567682,2020-07-27,207,0
48255.0,Karnes,Texas,28.90705334,-97.85960149,2020-07-27,206,3
54083.0,Randolph,West Virginia,38.769899,-79.87919615,2020-07-27,206,0
13025.0,Brantley,Georgia,31.19576557,-81.97743999,2020-07-27,205,4
20155.0,Reno,Kansas,37.95230263,-98.08607292,2020-07-27,205,1
29069.0,Dunklin,Missouri,36.27167174,-90.09122243,2020-07-27,205,3
6023.0,Humboldt,California,40.69923009,-123.876044,2020-07-27,205,4
1019.0,Cherokee,Alabama,34.17805983,-85.60638968,2020-07-27,205,7
18027.0,Daviess,Indiana,38.70186039,-87.07185406,2020-07-27,204,19
42115.0,Susquehanna,Pennsylvania,41.82147784,-75.80071959,2020-07-27,204,26
48093.0,Comanche,Texas,31.94854689,-98.55876441,2020-07-27,204,3
30063.0,Missoula,Montana,47.03728583,-113.92135079999998,2020-07-27,204,1
36017.0,Chenango,New York,42.49430041,-75.60887553,2020-07-27,203,6
13091.0,Dodge,Georgia,32.17265114,-83.16948926,2020-07-27,203,2
48239.0,Jackson,Texas,28.95472367,-96.57749563,2020-07-27,202,3
38105.0,Williams,North Dakota,48.34522353,-103.4793387,2020-07-27,202,2
13173.0,Lanier,Georgia,31.03828570000001,-83.06472457,2020-07-27,202,4
51137.0,Orange,Virginia,38.24530219,-78.01560400000002,2020-07-27,201,3
29023.0,Butler,Missouri,36.71462476,-90.40421163,2020-07-27,201,2
56025.0,Natrona,Wyoming,42.96180148,-106.797885,2020-07-27,200,0
22027.0,Claiborne,Louisiana,32.82308512,-92.99526883,2020-07-27,200,10
72119.0,Rio Grande,Puerto Rico,18.346329,-65.813742,2020-07-27,200,0
28041.0,Greene,Mississippi,31.21444233,-88.63922281,2020-07-27,200,10
13171.0,Lamar,Georgia,33.07841647,-84.14263877,2020-07-27,200,8
18033.0,DeKalb,Indiana,41.39804622,-84.99906934,2020-07-27,198,4
47103.0,Lincoln,Tennessee,35.13738622,-86.58910106,2020-07-27,197,1
35029.0,Luna,New Mexico,32.18179341,-107.75088259999998,2020-07-27,197,3
22059.0,LaSalle,Louisiana,31.67884782,-92.15907765,2020-07-27,197,2
55021.0,Columbia,Wisconsin,43.46492199,-89.33589004,2020-07-27,196,1
31173.0,Thurston,Nebraska,42.15725356,-96.54157099,2020-07-27,195,3
26073.0,Isabella,Michigan,43.64060976,-84.84664923,2020-07-27,194,8
18079.0,Jennings,Indiana,38.99588883,-85.62710784,2020-07-27,194,12
55017.0,Chippewa,Wisconsin,45.06939744,-91.28068855,2020-07-27,194,0
48371.0,Pecos,Texas,30.78097267,-102.7241261,2020-07-27,194,1
48395.0,Robertson,Texas,31.02539637,-96.51272246,2020-07-27,194,1
21195.0,Pike,Kentucky,37.47088263,-82.39487445,2020-07-27,194,3
29009.0,Barry,Missouri,36.70978521,-93.82919888,2020-07-27,194,0
48015.0,Austin,Texas,29.88548725,-96.27736949,2020-07-27,193,4
16073.0,Owyhee,Idaho,42.58016894,-116.1693871,2020-07-27,193,0
27091.0,Martin,Minnesota,43.67429718,-94.55099908,2020-07-27,193,5
1061.0,Geneva,Alabama,31.09389027,-85.83572839,2020-07-27,192,0
,Federal Correctional Institution (FCI),Michigan,0.0,0.0,2020-07-27,192,5
90010.0,Unassigned,Delaware,0.0,0.0,2020-07-27,192,0
29207.0,Stoddard,Missouri,36.85571651,-89.9444155,2020-07-27,191,9
51193.0,Westmoreland,Virginia,38.11021557,-76.80213247,2020-07-27,191,2
30029.0,Flathead,Montana,48.29575866,-114.0520569,2020-07-27,190,2
39159.0,Union,Ohio,40.30016061,-83.37239023,2020-07-27,190,1
6103.0,Tehama,California,40.12570935,-122.2370171,2020-07-27,189,1
48063.0,Camp,Texas,32.97195142,-94.97790104,2020-07-27,189,4
8067.0,La Plata,Colorado,37.28632032,-107.8429014,2020-07-27,188,2
18073.0,Jasper,Indiana,41.02078733,-87.11553319,2020-07-27,188,2
40071.0,Kay,Oklahoma,36.81799745,-97.14421435,2020-07-27,188,9
29043.0,Christian,Missouri,36.9711783,-93.18537118,2020-07-27,188,1
29157.0,Perry,Missouri,37.70660776,-89.82741088,2020-07-27,188,3
5003.0,Ashley,Arkansas,33.19153461,-91.7698471,2020-07-27,187,4
51053.0,Dinwiddie,Virginia,37.07544585,-77.63451754,2020-07-27,187,2
48147.0,Fannin,Texas,33.59564294,-96.10751083,2020-07-27,186,7
39087.0,Lawrence,Ohio,38.59743452,-82.53466552,2020-07-27,186,0
18151.0,Steuben,Indiana,41.64423868,-85.00101094,2020-07-27,186,3
47181.0,Wayne,Tennessee,35.23868267,-87.78644456,2020-07-27,186,1
27079.0,Le Sueur,Minnesota,44.37136597,-93.72844721,2020-07-27,185,1
28143.0,Tunica,Mississippi,34.64967704,-90.37481167,2020-07-27,184,4
21199.0,Pulaski,Kentucky,37.10466131,-84.57629079,2020-07-27,183,2
21001.0,Adair,Kentucky,37.10459774,-85.28129668,2020-07-27,183,19
37055.0,Dare,North Carolina,35.66520691,-75.71767334,2020-07-27,183,1
18051.0,Gibson,Indiana,38.30393723,-87.58054938,2020-07-27,182,2
13037.0,Calhoun,Georgia,31.53169785,-84.62725131,2020-07-27,182,6
72153.0,Yauco,Puerto Rico,18.080374,-66.858814,2020-07-27,182,0
29155.0,Pemiscot,Missouri,36.2130572,-89.78742322,2020-07-27,181,6
47081.0,Hickman,Tennessee,35.80609681,-87.47643507,2020-07-27,181,0
13043.0,Candler,Georgia,32.40209349,-82.07702563,2020-07-27,181,1
55081.0,Monroe,Wisconsin,43.94641218,-90.618819,2020-07-27,181,1
17183.0,Vermilion,Illinois,40.18417171,-87.73384359,2020-07-27,180,2
29007.0,Audrain,Missouri,39.215877,-91.84242683,2020-07-27,180,1
39167.0,Washington,Ohio,39.45690571,-81.49121382,2020-07-27,180,21
36107.0,Tioga,New York,42.16852837,-76.30835812,2020-07-27,180,24
90027.0,Unassigned,Minnesota,0.0,0.0,2020-07-27,180,6
41035.0,Klamath,Oregon,42.68762984,-121.64964609999998,2020-07-27,180,1
51025.0,Brunswick,Virginia,36.76366949,-77.8593436,2020-07-27,179,1
51023.0,Botetourt,Virginia,37.55531756,-79.80982182,2020-07-27,179,4
28111.0,Perry,Mississippi,31.17161885,-88.99281835,2020-07-27,179,7
72105.0,Naranjito,Puerto Rico,18.288019,-66.252703,2020-07-27,179,0
28005.0,Amite,Mississippi,31.17467303,-90.80501621,2020-07-27,179,4
46127.0,Union,South Dakota,42.83112163,-96.6557828,2020-07-27,178,2
22021.0,Caldwell,Louisiana,32.0902519,-92.11752148,2020-07-27,178,1
39081.0,Jefferson,Ohio,40.38614126,-80.76259514,2020-07-27,178,2
28065.0,Jefferson Davis,Mississippi,31.56884708,-89.82670990000004,2020-07-27,177,5
18137.0,Ripley,Indiana,39.10235626,-85.26212744,2020-07-27,177,7
54099.0,Wayne,West Virginia,38.14901357,-82.42287994,2020-07-27,177,9
72063.0,Gurabo,Puerto Rico,18.266461,-65.97970500000001,2020-07-27,177,0
32019.0,Lyon,Nevada,39.01777974,-119.1870479,2020-07-27,177,3
21179.0,Nelson,Kentucky,37.80335779,-85.4657193,2020-07-27,177,2
12065.0,Jefferson,Florida,30.43669112,-83.89442308,2020-07-27,177,5
48043.0,Brewster,Texas,29.81008251,-103.2520326,2020-07-27,176,2
13109.0,Evans,Georgia,32.15328841,-81.8870105,2020-07-27,176,1
13291.0,Union,Georgia,34.82995757,-83.98967069,2020-07-27,176,6
42013.0,Blair,Pennsylvania,40.47961444,-78.34917412,2020-07-27,176,2
13143.0,Haralson,Georgia,33.79602175,-85.21005667,2020-07-27,176,6
39137.0,Putnam,Ohio,41.02094889,-84.1336111,2020-07-27,176,16
40049.0,Garvin,Oklahoma,34.70418038,-97.30811132,2020-07-27,176,4
37145.0,Person,North Carolina,36.38989032,-78.97217358,2020-07-27,176,1
39031.0,Coshocton,Ohio,40.30096166,-81.91729018,2020-07-27,175,5
6033.0,Lake,California,39.10124298,-122.7536244,2020-07-27,175,1
5023.0,Cleburne,Arkansas,35.53864922,-92.02640019,2020-07-27,175,5
1027.0,Clay,Alabama,33.26984193,-85.85836077,2020-07-27,175,4
48279.0,Lamb,Texas,34.06859623,-102.3516289,2020-07-27,175,4
47115.0,Marion,Tennessee,35.12997174,-85.62265895,2020-07-27,175,4
72073.0,Jayuya,Puerto Rico,18.211446,-66.58878,2020-07-27,174,0
39011.0,Auglaize,Ohio,40.55998859,-84.22421429999999,2020-07-27,174,5
5057.0,Hempstead,Arkansas,33.73325583,-93.66935133,2020-07-27,174,2
37033.0,Caswell,North Carolina,36.39312665,-79.33353281,2020-07-27,173,2
18047.0,Franklin,Indiana,39.4142482,-85.06062647,2020-07-27,173,8
17073.0,Henry,Illinois,41.3533994,-90.13296166,2020-07-27,173,1
48111.0,Dallam,Texas,36.27787176,-102.6020725,2020-07-27,173,5
51570.0,Colonial Heights,Virginia,37.26420587,-77.39609676,2020-07-27,173,20
29105.0,Laclede,Missouri,37.65896829,-92.5888493,2020-07-27,173,1
19069.0,Franklin,Iowa,42.73270384,-93.26256925,2020-07-27,173,3
17017.0,Cass,Illinois,39.96991073,-90.24734436,2020-07-27,173,11
90053.0,Unassigned,Washington,0.0,0.0,2020-07-27,173,0
29169.0,Pulaski,Missouri,37.82462075,-92.20783203,2020-07-27,172,1
28119.0,Quitman,Mississippi,34.25157572,-90.28908,2020-07-27,172,1
26117.0,Montcalm,Michigan,43.31082541,-85.15252824,2020-07-27,172,1
48097.0,Cooke,Texas,33.63979567,-97.21240912,2020-07-27,172,3
72101.0,Morovis,Puerto Rico,18.316963,-66.420383,2020-07-27,172,0
28155.0,Webster,Mississippi,33.61300486,-89.28392912,2020-07-27,171,11
51033.0,Caroline,Virginia,38.02679129,-77.34901405,2020-07-27,171,4
55141.0,Wood,Wisconsin,44.45537896,-90.04158336,2020-07-27,171,1
17187.0,Warren,Illinois,40.84925021,-90.6147432,2020-07-27,170,0
26015.0,Barry,Michigan,42.59513984,-85.30834519,2020-07-27,170,2
20015.0,Butler,Kansas,37.78134351,-96.83878537,2020-07-27,169,0
22081.0,Red River,Louisiana,32.09530039,-93.34213308,2020-07-27,169,9
26055.0,Grand Traverse,Michigan,44.69565625,-85.55585247,2020-07-27,168,5
5001.0,Arkansas,Arkansas,34.29145151,-91.37277296,2020-07-27,168,1
35035.0,Otero,New Mexico,32.61348406,-105.7417604,2020-07-27,168,10
19027.0,Carroll,Iowa,42.03617207,-94.86032705,2020-07-27,168,1
47185.0,White,Tennessee,35.92929884,-85.45591799,2020-07-27,168,3
21121.0,Knox,Kentucky,36.89225732,-83.85403396,2020-07-27,167,8
1075.0,Lamar,Alabama,33.77995024,-88.09668032,2020-07-27,167,1
16087.0,Washington,Idaho,44.45275475,-116.7847688,2020-07-27,167,2
13231.0,Pike,Georgia,33.09310242,-84.38790389,2020-07-27,167,3
28063.0,Jefferson,Mississippi,31.73397872,-91.03764977,2020-07-27,166,4
19017.0,Bremer,Iowa,42.77461496,-92.31795937,2020-07-27,166,7
21085.0,Grayson,Kentucky,37.46231118,-86.34248968,2020-07-27,166,11
5027.0,Columbia,Arkansas,33.21230701,-93.22642793,2020-07-27,166,5
19041.0,Clay,Iowa,43.08247182,-95.15096481,2020-07-27,166,1
42005.0,Armstrong,Pennsylvania,40.81665618,-79.46290811,2020-07-27,166,6
72053.0,Fajardo,Puerto Rico,18.318373,-65.666866,2020-07-27,165,0
51065.0,Fluvanna,Virginia,37.84157909,-78.27715475,2020-07-27,165,8
51109.0,Louisa,Virginia,37.97850256,-77.96274807,2020-07-27,165,2
47183.0,Weakley,Tennessee,36.29896232,-88.71990865,2020-07-27,165,2
13317.0,Wilkes,Georgia,33.78290391,-82.74286107,2020-07-27,164,3
13221.0,Oglethorpe,Georgia,33.878629600000004,-83.08278123,2020-07-27,164,7
48459.0,Upshur,Texas,32.73706798,-94.93999853,2020-07-27,164,2
51820.0,Waynesboro,Virginia,38.06451466,-78.90293905,2020-07-27,164,2
72019.0,Barranquitas,Puerto Rico,18.201592,-66.30963,2020-07-27,163,0
47025.0,Claiborne,Tennessee,36.48319149,-83.65947309,2020-07-27,163,0
21095.0,Harlan,Kentucky,36.85699301,-83.21899516,2020-07-27,163,3
18123.0,Perry,Indiana,38.07809328,-86.63741946,2020-07-27,163,12
17081.0,Jefferson,Illinois,38.29980057,-88.9240025,2020-07-27,162,17
36051.0,Livingston,New York,42.72596275,-77.77966158,2020-07-27,162,8
54033.0,Harrison,West Virginia,39.2853852,-80.37919577,2020-07-27,162,1
47033.0,Crockett,Tennessee,35.81830662,-89.14916269,2020-07-27,162,3
13193.0,Macon,Georgia,32.35207048,-84.04234127,2020-07-27,161,10
19039.0,Clarke,Iowa,41.02868181,-93.78499767,2020-07-27,161,3
51595.0,Emporia,Virginia,36.69455571,-77.53406129,2020-07-27,161,15
27035.0,Crow Wing,Minnesota,46.48096553,-94.06755609,2020-07-27,161,12
54049.0,Marion,West Virginia,39.50984542,-80.24244659,2020-07-27,160,2
36015.0,Chemung,New York,42.13891056,-76.7638805,2020-07-27,160,3
40135.0,Sequoyah,Oklahoma,35.49447108,-94.75463785,2020-07-27,160,3
48219.0,Hockley,Texas,33.60771256,-102.3431676,2020-07-27,160,4
13251.0,Screven,Georgia,32.74976524,-81.60779441,2020-07-27,160,9
17137.0,Morgan,Illinois,39.71654544,-90.20255104,2020-07-27,160,5
13065.0,Clinch,Georgia,30.91395822,-82.70432472,2020-07-27,160,4
27049.0,Goodhue,Minnesota,44.40849741,-92.7234195,2020-07-27,159,8
27033.0,Cottonwood,Minnesota,44.00715262,-95.18138802,2020-07-27,159,0
23011.0,Kennebec,Maine,44.40759555,-69.76738544,2020-07-27,159,10
13241.0,Rabun,Georgia,34.88389445,-83.40304637,2020-07-27,159,3
51135.0,Nottoway,Virginia,37.1435975,-78.05065922,2020-07-27,159,6
21193.0,Perry,Kentucky,37.25023553,-83.22922731,2020-07-27,158,2
39033.0,Crawford,Ohio,40.85065156,-82.91989099,2020-07-27,158,5
5075.0,Lawrence,Arkansas,36.04188196,-91.10867198,2020-07-27,158,9
18117.0,Orange,Indiana,38.54118920000001,-86.49523093,2020-07-27,158,24
55019.0,Clark,Wisconsin,44.73483377,-90.61207486,2020-07-27,158,7
72023.0,Cabo Rojo,Puerto Rico,18.040993,-67.154391,2020-07-27,158,0
27007.0,Beltrami,Minnesota,47.97373527,-94.93732139,2020-07-27,157,0
72075.0,Juana Diaz,Puerto Rico,18.050764,-66.49458100000001,2020-07-27,157,0
22023.0,Cameron,Louisiana,29.87592238,-93.19310676,2020-07-27,157,0
13211.0,Morgan,Georgia,33.59232073,-83.49129491,2020-07-27,157,0
90040.0,Unassigned,Oklahoma,0.0,0.0,2020-07-27,157,0
40039.0,Custer,Oklahoma,35.63853802,-99.00170785,2020-07-27,157,0
13319.0,Wilkinson,Georgia,32.80291082,-83.17140684,2020-07-27,157,10
72035.0,Cayey,Puerto Rico,18.102851,-66.14914,2020-07-27,156,0
72091.0,Manati,Puerto Rico,18.420473,-66.490461,2020-07-27,156,0
48391.0,Refugio,Texas,28.3238976,-97.15766311,2020-07-27,156,0
72005.0,Aguadilla,Puerto Rico,18.459681,-67.12081500000001,2020-07-27,156,0
48171.0,Gillespie,Texas,30.31824095,-98.94676915,2020-07-27,156,2
27025.0,Chisago,Minnesota,45.5021011,-92.90861945,2020-07-27,156,1
72131.0,San Sebastian,Puerto Rico,18.328646,-66.971214,2020-07-27,156,0
72143.0,Vega Alta,Puerto Rico,18.409346,-66.33725,2020-07-27,155,0
40023.0,Choctaw,Oklahoma,34.02807439,-95.54771129,2020-07-27,155,1
21035.0,Calloway,Kentucky,36.62093411,-88.2731593,2020-07-27,155,2
47023.0,Chester,Tennessee,35.42527478,-88.6095842,2020-07-27,155,0
42127.0,Wayne,Pennsylvania,41.64938475,-75.29956506,2020-07-27,154,8
48223.0,Hopkins,Texas,33.14875072,-95.56351139,2020-07-27,154,1
28157.0,Wilkinson,Mississippi,31.16078225,-91.31018819,2020-07-27,154,12
15009.0,Maui,Hawaii,20.86399628,-156.56890969999995,2020-07-27,153,6
29167.0,Polk,Missouri,37.6162296,-93.39828174,2020-07-27,153,0
54035.0,Jackson,West Virginia,38.84263974,-81.68148753,2020-07-27,153,19
36009.0,Cattaraugus,New York,42.24778241,-78.67923096,2020-07-27,153,6
38089.0,Stark,North Dakota,46.80851182,-102.6576326,2020-07-27,152,3
40137.0,Stephens,Oklahoma,34.48556989,-97.85141892,2020-07-27,151,1
45005.0,Allendale,South Carolina,32.98837386,-81.35321066,2020-07-27,151,3
39117.0,Morrow,Ohio,40.52363560000001,-82.7892599,2020-07-27,151,1
38101.0,Ward,North Dakota,48.22390169,-101.5436763,2020-07-27,151,1
41027.0,Hood River,Oregon,45.51872811,-121.65520359999998,2020-07-27,151,0
5037.0,Cross,Arkansas,35.29631396,-90.77185818,2020-07-27,151,1
8097.0,Pitkin,Colorado,39.21720112,-106.9310027,2020-07-27,151,2
53041.0,Lewis,Washington,46.57756476,-122.3925769,2020-07-27,151,3
18149.0,Starke,Indiana,41.27890281,-86.64686895,2020-07-27,151,4
40083.0,Logan,Oklahoma,35.91899576,-97.44352845,2020-07-27,150,1
39119.0,Muskingum,Ohio,39.96575964,-81.94363275,2020-07-27,150,1
13315.0,Wilcox,Georgia,31.97496928,-83.43438555,2020-07-27,150,18
16039.0,Elmore,Idaho,43.3507101,-115.4701578,2020-07-27,150,2
48179.0,Gray,Texas,35.40081878,-100.8129222,2020-07-27,150,3
51690.0,Martinsville,Virginia,36.68212094,-79.86352771,2020-07-27,149,2
27111.0,Otter Tail,Minnesota,46.40846929,-95.70835255,2020-07-27,149,2
54079.0,Putnam,West Virginia,38.50782345,-81.9082131,2020-07-27,149,0
36057.0,Montgomery,New York,42.90123494,-74.44011632,2020-07-27,148,4
16011.0,Bingham,Idaho,43.21672879999999,-112.3978437,2020-07-27,148,2
55093.0,Pierce,Wisconsin,44.71850291,-92.4224416,2020-07-27,148,0
47013.0,Campbell,Tennessee,36.40355516,-84.15108559999999,2020-07-27,148,1
48405.0,San Augustine,Texas,31.39457611,-94.17000399,2020-07-27,147,9
72107.0,Orocovis,Puerto Rico,18.215046,-66.433604,2020-07-27,147,0
41065.0,Wasco,Oregon,45.16292781,-121.1670954,2020-07-27,147,3
48069.0,Castro,Texas,34.53016752,-102.2617243,2020-07-27,147,2
51075.0,Goochland,Virginia,37.71714806,-77.90381514,2020-07-27,147,6
51191.0,Washington,Virginia,36.72341572,-81.95666289,2020-07-27,146,4
19005.0,Allamakee,Iowa,43.28383218,-91.37860922,2020-07-27,146,4
40133.0,Seminole,Oklahoma,35.16478725,-96.61686741,2020-07-27,146,5
21019.0,Boyd,Kentucky,38.36176608,-82.68652187,2020-07-27,146,3
19063.0,Emmet,Iowa,43.37782951,-94.67858943,2020-07-27,145,1
13055.0,Chattooga,Georgia,34.47197698,-85.34535662,2020-07-27,145,2
18129.0,Posey,Indiana,38.02097333,-87.86480429,2020-07-27,145,0
18169.0,Wabash,Indiana,40.84704239,-85.79328272,2020-07-27,145,3
1057.0,Fayette,Alabama,33.72076938,-87.73886638,2020-07-27,144,5
48293.0,Limestone,Texas,31.5454767,-96.58095444,2020-07-27,143,2
72069.0,Humacao,Puerto Rico,18.145211,-65.810174,2020-07-27,143,0
39065.0,Hardin,Ohio,40.66015414,-83.65929931,2020-07-27,143,12
55083.0,Oconto,Wisconsin,45.02715345,-88.26807503,2020-07-27,143,0
48507.0,Zavala,Texas,28.86617238,-99.76050829,2020-07-27,143,3
18077.0,Jefferson,Indiana,38.78576239,-85.43633383,2020-07-27,143,2
5043.0,Drew,Arkansas,33.59035001,-91.71777921,2020-07-27,143,2
48287.0,Lee,Texas,30.31120597,-96.97045773,2020-07-27,143,10
40121.0,Pittsburg,Oklahoma,34.92065823,-95.7513432,2020-07-27,143,3
90031.0,Unassigned,Nebraska,0.0,0.0,2020-07-27,142,0
,TriCounty,Utah,40.12491499,-109.5174415,2020-07-27,142,0
29109.0,Lawrence,Missouri,37.10626634,-93.83293097,2020-07-27,142,2
5121.0,Randolph,Arkansas,36.3415714,-91.02455531,2020-07-27,142,2
48363.0,Palo Pinto,Texas,32.75310985,-98.31319001,2020-07-27,142,3
51067.0,Franklin,Virginia,36.99536167,-79.88023649,2020-07-27,141,1
20059.0,Franklin,Kansas,38.56443815,-95.28644341,2020-07-27,141,1
31025.0,Cass,Nebraska,40.90899107,-96.13971217,2020-07-27,141,1
32005.0,Douglas,Nevada,38.912862,-119.6171333,2020-07-27,140,0
36011.0,Cayuga,New York,42.91261714,-76.55731592,2020-07-27,140,2
30047.0,Lake,Montana,47.64514965,-114.0898013,2020-07-27,140,1
20035.0,Cowley,Kansas,37.23781842,-96.83776647,2020-07-27,140,2
47017.0,Carroll,Tennessee,35.97366108,-88.45189331,2020-07-27,139,2
23019.0,Penobscot,Maine,45.40194593,-68.65020455,2020-07-27,139,5
39145.0,Scioto,Ohio,38.80270163,-82.98907345,2020-07-27,138,0
40123.0,Pontotoc,Oklahoma,34.72959848,-96.68337199,2020-07-27,138,2
19083.0,Hardin,Iowa,42.38353877,-93.23654611,2020-07-27,138,0
5019.0,Clark,Arkansas,34.04613432,-93.17484713,2020-07-27,138,0
19125.0,Marion,Iowa,41.33445101,-93.09934783,2020-07-27,137,0
18183.0,Whitley,Indiana,41.13863784,-85.50791236,2020-07-27,137,6
48259.0,Kendall,Texas,29.94414155,-98.7113588,2020-07-27,137,1
27117.0,Pipestone,Minnesota,44.02301619,-96.25841142,2020-07-27,136,8
48407.0,San Jacinto,Texas,30.57933681,-95.16260304,2020-07-27,136,5
21045.0,Casey,Kentucky,37.32533118,-84.92726209,2020-07-27,136,9
41003.0,Benton,Oregon,44.49167306,-123.4316987,2020-07-27,136,6
18041.0,Fayette,Indiana,39.63684962,-85.17797541,2020-07-27,136,7
40079.0,Le Flore,Oklahoma,34.89851864,-94.70392124,2020-07-27,136,1
46102.0,Oglala Lakota,South Dakota,43.33749164,-102.5555498,2020-07-27,136,1
48067.0,Cass,Texas,33.07499881,-94.34646905,2020-07-27,136,4
54081.0,Raleigh,West Virginia,37.76936795,-81.2456041,2020-07-27,135,0
51790.0,Staunton,Virginia,38.15965544,-79.05979937,2020-07-27,135,0
16017.0,Bonner,Idaho,48.29996017,-116.6017932,2020-07-27,135,0
19165.0,Shelby,Iowa,41.6850066,-95.31015553,2020-07-27,135,0
48105.0,Crockett,Texas,30.72367027,-101.4134238,2020-07-27,135,2
26057.0,Gratiot,Michigan,43.29265605,-84.60505416,2020-07-27,134,15
21051.0,Clay,Kentucky,37.16451126,-83.712575,2020-07-27,134,4
21041.0,Carroll,Kentucky,38.66599534,-85.12601074,2020-07-27,134,2
29143.0,New Madrid,Missouri,36.59666326,-89.66070007,2020-07-27,134,1
51079.0,Greene,Virginia,38.29545894,-78.46525378,2020-07-27,134,2
20079.0,Harvey,Kansas,38.04293782,-97.42747573,2020-07-27,134,1
26063.0,Huron,Michigan,43.83353985,-83.04078453,2020-07-27,133,3
21049.0,Clark,Kentucky,37.9689263,-84.14615986,2020-07-27,132,7
39027.0,Clinton,Ohio,39.41485808,-83.80852286,2020-07-27,132,5
19123.0,Mahaska,Iowa,41.33521503,-92.64083907,2020-07-27,132,17
20125.0,Montgomery,Kansas,37.19236568,-95.74329258,2020-07-27,132,4
55115.0,Shawano,Wisconsin,44.78902246,-88.76443896,2020-07-27,132,0
51073.0,Gloucester,Virginia,37.40809042,-76.53524337,2020-07-27,132,1
48017.0,Bailey,Texas,34.06854817,-102.8299707,2020-07-27,132,3
19057.0,Des Moines,Iowa,40.92012606,-91.18326592,2020-07-27,131,2
48007.0,Aransas,Texas,28.10556197,-96.9995047,2020-07-27,131,6
48387.0,Red River,Texas,33.61886692,-95.04841765,2020-07-27,131,11
20085.0,Jackson,Kansas,39.41673394,-95.79356799,2020-07-27,131,1
72099.0,Moca,Puerto Rico,18.377805,-67.080952,2020-07-27,131,0
29107.0,Lafayette,Missouri,39.06986886,-93.78076396,2020-07-27,131,2
6109.0,Tuolumne,California,38.02644018,-119.9525093,2020-07-27,131,0
72123.0,Salinas,Puerto Rico,18.010386999999994,-66.256592,2020-07-27,130,0
13155.0,Irwin,Georgia,31.60213036,-83.27501387,2020-07-27,130,1
5041.0,Desha,Arkansas,33.83011025,-91.25500948,2020-07-27,129,1
26137.0,Otsego,Michigan,45.02085831,-84.59898295,2020-07-27,129,10
17103.0,Lee,Illinois,41.74583951,-89.29977132,2020-07-27,129,2
28131.0,Stone,Mississippi,30.79187949,-89.11547539,2020-07-27,129,2
48161.0,Freestone,Texas,31.70422788,-96.15072516,2020-07-27,129,0
48131.0,Duval,Texas,27.68184592,-98.50864568,2020-07-27,129,1
48289.0,Leon,Texas,31.29872538,-95.9936328,2020-07-27,128,1
36045.0,Jefferson,New York,44.04200959,-75.94653457,2020-07-27,128,0
51775.0,Salem,Virginia,37.2836193,-80.06219455,2020-07-27,128,3
72033.0,Catano,Puerto Rico,18.437269,-66.14330600000001,2020-07-27,128,0
17135.0,Montgomery,Illinois,39.23198845,-89.47809254,2020-07-27,128,3
16045.0,Gem,Idaho,44.06482372,-116.398376,2020-07-27,128,0
5083.0,Logan,Arkansas,35.21413234,-93.71951016,2020-07-27,127,0
21109.0,Jackson,Kentucky,37.41866422,-83.99825483,2020-07-27,127,14
39083.0,Knox,Ohio,40.39830217,-82.42027563,2020-07-27,127,2
40091.0,McIntosh,Oklahoma,35.37235506,-95.66599306,2020-07-27,127,1
13191.0,McIntosh,Georgia,31.49683595,-81.40163426,2020-07-27,127,2
19097.0,Jackson,Iowa,42.17178824,-90.57354837,2020-07-27,126,0
5099.0,Nevada,Arkansas,33.66340119,-93.30632432,2020-07-27,126,8
13197.0,Marion,Georgia,32.3483402,-84.52733571,2020-07-27,126,4
39135.0,Preble,Ohio,39.7420247,-84.64787018,2020-07-27,126,2
48227.0,Howard,Texas,32.30621324,-101.4356444,2020-07-27,126,3
72041.0,Cidra,Puerto Rico,18.173559,-66.161179,2020-07-27,125,0
5111.0,Poinsett,Arkansas,35.57433534,-90.66268713,2020-07-27,125,3
26007.0,Alpena,Michigan,45.03477666,-83.62212411,2020-07-27,125,13
55005.0,Barron,Wisconsin,45.42372701,-91.84833627,2020-07-27,125,3
42067.0,Juniata,Pennsylvania,40.53358749,-77.39975129999998,2020-07-27,125,6
42119.0,Union,Pennsylvania,40.96188846,-77.05996014,2020-07-27,124,2
37149.0,Polk,North Carolina,35.27820615,-82.16812354,2020-07-27,124,5
29211.0,Sullivan,Missouri,40.2099105,-93.11150106,2020-07-27,124,0
26069.0,Iosco,Michigan,44.35486835,-83.63484895,2020-07-27,124,11
21213.0,Simpson,Kentucky,36.74058474,-86.58047435,2020-07-27,124,5
16069.0,Nez Perce,Idaho,46.32638236,-116.7500975,2020-07-27,123,19
48505.0,Zapata,Texas,27.00156391,-99.16987152,2020-07-27,123,1
42009.0,Bedford,Pennsylvania,40.00522157,-78.48998442,2020-07-27,123,4
51083.0,Halifax,Virginia,36.76654925,-78.93512622,2020-07-27,123,1
19157.0,Poweshiek,Iowa,41.68625425,-92.53155731,2020-07-27,123,8
39051.0,Fulton,Ohio,41.60213491,-84.12571393,2020-07-27,122,0
29133.0,Mississippi,Missouri,36.82516239,-89.29505753,2020-07-27,122,0
29219.0,Warren,Missouri,38.76529479,-91.16124662,2020-07-27,122,0
48115.0,Dawson,Texas,32.74255572,-101.9477242,2020-07-27,122,4
19077.0,Guthrie,Iowa,41.68378965,-94.50111014,2020-07-27,122,5
27115.0,Pine,Minnesota,46.12105238,-92.74070188,2020-07-27,122,0
48353.0,Nolan,Texas,32.30365282,-100.4060208,2020-07-27,122,3
18015.0,Carroll,Indiana,40.580783200000006,-86.56198812,2020-07-27,122,2
5029.0,Conway,Arkansas,35.26205537,-92.70506566,2020-07-27,122,3
17109.0,McDonough,Illinois,40.45674722,-90.67775541,2020-07-27,121,15
5113.0,Polk,Arkansas,34.48254879,-94.22728802,2020-07-27,121,0
29001.0,Adair,Missouri,40.19058551,-92.60078167,2020-07-27,121,0
13263.0,Talbot,Georgia,32.69642758,-84.53351366,2020-07-27,121,3
39149.0,Shelby,Ohio,40.33163494,-84.20258189,2020-07-27,121,4
36019.0,Clinton,New York,44.74530905,-73.67875352,2020-07-27,120,4
5011.0,Bradley,Arkansas,33.46755808,-92.15980837,2020-07-27,120,2
55045.0,Green,Wisconsin,42.6794956,-89.60243287,2020-07-27,120,1
54077.0,Preston,West Virginia,39.46770987,-79.66712803,2020-07-27,120,2
72085.0,Las Piedras,Puerto Rico,18.187527,-65.86946800000001,2020-07-27,120,0
51077.0,Grayson,Virginia,36.65677234,-81.23215889,2020-07-27,120,4
27061.0,Itasca,Minnesota,47.51009045,-93.63092229,2020-07-27,120,12
13149.0,Heard,Georgia,33.29686567,-85.12886832,2020-07-27,120,3
18049.0,Fulton,Indiana,41.0469907,-86.26252745,2020-07-27,119,1
16047.0,Gooding,Idaho,42.96927962,-114.8108306,2020-07-27,119,1
72047.0,Corozal,Puerto Rico,18.304264,-66.327738,2020-07-27,118,0
72057.0,Guayama,Puerto Rico,18.007516,-66.13390799999999,2020-07-27,118,0
5009.0,Boone,Arkansas,36.3084504,-93.09374925,2020-07-27,118,1
42039.0,Crawford,Pennsylvania,41.68447709,-80.10760592,2020-07-27,118,1
16065.0,Madison,Idaho,43.78141028,-111.65384740000002,2020-07-27,118,0
51099.0,King George,Virginia,38.26818502,-77.15852768,2020-07-27,118,4
27101.0,Murray,Minnesota,44.02216709,-95.76328482,2020-07-27,118,1
39005.0,Ashland,Ohio,40.84772277,-82.27280781,2020-07-27,118,4
27039.0,Dodge,Minnesota,44.02238415,-92.86244324,2020-07-27,118,0
35041.0,Roosevelt,New Mexico,34.02097406,-103.4799493,2020-07-27,117,1
18179.0,Wells,Indiana,40.72934187,-85.22132966,2020-07-27,117,1
15001.0,Hawaii,Hawaii,19.60121157,-155.5210167,2020-07-27,117,0
54019.0,Fayette,West Virginia,38.02974928,-81.08286634,2020-07-27,117,5
19011.0,Benton,Iowa,42.08011739,-92.06463573,2020-07-27,117,1
51031.0,Campbell,Virginia,37.20553386,-79.09678609,2020-07-27,117,1
48315.0,Marion,Texas,32.79868409,-94.3566123,2020-07-27,117,6
72129.0,San Lorenzo,Puerto Rico,18.147987,-65.976392,2020-07-27,117,0
31155.0,Saunders,Nebraska,41.2278103,-96.63773905,2020-07-27,117,2
48455.0,Trinity,Texas,31.0879489,-95.1367187,2020-07-27,117,2
41019.0,Douglas,Oregon,43.27941273,-123.167291,2020-07-27,117,1
72125.0,San German,Puerto Rico,18.111484,-67.03858100000001,2020-07-27,117,0
13023.0,Bleckley,Georgia,32.43829035,-83.33035166,2020-07-27,116,3
42033.0,Clearfield,Pennsylvania,41.00110782,-78.47592663,2020-07-27,116,0
27085.0,McLeod,Minnesota,44.82367677,-94.27287017,2020-07-27,116,0
18069.0,Huntington,Indiana,40.82907273,-85.48822092,2020-07-27,116,3
72081.0,Lares,Puerto Rico,18.269035,-66.867236,2020-07-27,116,0
17121.0,Marion,Illinois,38.64963204,-88.91899208,2020-07-27,116,0
48297.0,Live Oak,Texas,28.35101362,-98.1246786,2020-07-27,115,1
50011.0,Franklin,Vermont,44.85627605,-72.91249563,2020-07-27,115,6
39039.0,Defiance,Ohio,41.32398837,-84.49076944,2020-07-27,115,4
53045.0,Mason,Washington,47.35007586,-123.1863685,2020-07-27,115,1
20113.0,McPherson,Kansas,38.39184858,-97.64769869,2020-07-27,115,0
21239.0,Woodford,Kentucky,38.04178222,-84.7417556,2020-07-27,115,0
47079.0,Henry,Tennessee,36.33160906,-88.30121797,2020-07-27,115,1
27119.0,Polk,Minnesota,47.77372465,-96.40134647,2020-07-27,115,3
24039.0,Somerset,Maryland,38.1163542,-75.75118623,2020-07-27,115,3
30013.0,Cascade,Montana,47.30797024,-111.3467922,2020-07-27,115,2
27161.0,Waseca,Minnesota,44.02211116,-93.58720034,2020-07-27,115,0
47057.0,Grainger,Tennessee,36.27469206,-83.51254721,2020-07-27,115,0
5053.0,Grant,Arkansas,34.29017991,-92.42320562,2020-07-27,115,0
27017.0,Carlton,Minnesota,46.59180601,-92.67601019,2020-07-27,115,0
27041.0,Douglas,Minnesota,45.93348491,-95.45335469,2020-07-27,115,0
26103.0,Marquette,Michigan,46.4338914,-87.64043701,2020-07-27,115,11
20051.0,Ellis,Kansas,38.91458712,-99.31751551,2020-07-27,113,0
20061.0,Geary,Kansas,38.99871131,-96.7577178,2020-07-27,113,1
6051.0,Mono,California,37.93899289,-118.8872409,2020-07-27,113,1
51145.0,Powhatan,Virginia,37.55016038,-77.91267882,2020-07-27,112,4
39147.0,Seneca,Ohio,41.12351311,-83.12783209,2020-07-27,112,2
21157.0,Marshall,Kentucky,36.88007070000001,-88.32803576,2020-07-27,112,2
42111.0,Somerset,Pennsylvania,39.97172723,-79.02699593,2020-07-27,112,2
13159.0,Jasper,Georgia,33.31535543,-83.68844964,2020-07-27,112,1
17117.0,Macoupin,Illinois,39.26119767,-89.92424028,2020-07-27,112,3
19141.0,O'Brien,Iowa,43.08310673,-95.62474482,2020-07-27,112,1
19151.0,Pocahontas,Iowa,42.73420133,-94.67862564,2020-07-27,112,1
46029.0,Codington,South Dakota,44.97788119,-97.18827677,2020-07-27,111,0
27005.0,Becker,Minnesota,46.93479392,-95.67158144,2020-07-27,111,0
47133.0,Overton,Tennessee,36.34117832,-85.28989535,2020-07-27,111,1
13201.0,Miller,Georgia,31.16568912,-84.73151117,2020-07-27,111,0
46011.0,Brookings,South Dakota,44.36974375,-96.79079945,2020-07-27,111,0
19105.0,Jones,Iowa,42.12118609,-91.13139641,2020-07-27,111,1
72059.0,Guayanilla,Puerto Rico,18.039942,-66.79186,2020-07-27,111,0
21097.0,Harrison,Kentucky,38.44188174,-84.32869741,2020-07-27,110,0
47139.0,Polk,Tennessee,35.12245443,-84.52075859,2020-07-27,110,0
36121.0,Wyoming,New York,42.70145109,-78.22199579,2020-07-27,110,5
20099.0,Labette,Kansas,37.19113093,-95.29849679,2020-07-27,110,0
37175.0,Transylvania,North Carolina,35.20383864,-82.79638423,2020-07-27,110,1
42035.0,Clinton,Pennsylvania,41.23255967,-77.63785995,2020-07-27,110,5
19031.0,Cedar,Iowa,41.77233777,-91.13246684,2020-07-27,109,1
51620.0,Franklin City,Virginia,36.6831435,-76.93859681,2020-07-27,109,4
55057.0,Juneau,Wisconsin,43.92456975,-90.11120239,2020-07-27,109,1
51127.0,New Kent,Virginia,37.50694406,-76.99828634,2020-07-27,108,1
42099.0,Perry,Pennsylvania,40.40206612,-77.26297447,2020-07-27,108,5
21021.0,Boyle,Kentucky,37.62680923,-84.8633779,2020-07-27,108,0
29091.0,Howell,Missouri,36.77383887,-91.88683935,2020-07-27,108,0
56005.0,Campbell,Wyoming,44.24886082,-105.5474404,2020-07-27,108,0
13209.0,Montgomery,Georgia,32.17201038,-82.53527476,2020-07-27,108,0
47171.0,Unicoi,Tennessee,36.10890856,-82.43709629,2020-07-27,108,0
39171.0,Williams,Ohio,41.56052014,-84.58429552,2020-07-27,108,3
18083.0,Knox,Indiana,38.68861576,-87.4194665,2020-07-27,107,0
8109.0,Saguache,Colorado,38.08054629,-106.282466,2020-07-27,107,2
40117.0,Pawnee,Oklahoma,36.31743373,-96.7033176,2020-07-27,107,3
46027.0,Clay,South Dakota,42.91296147,-96.97656917,2020-07-27,106,0
28019.0,Choctaw,Mississippi,33.34598242,-89.24809382,2020-07-27,106,4
39175.0,Wyandot,Ohio,40.84339621,-83.30734173,2020-07-27,106,5
48389.0,Reeves,Texas,31.32323325,-103.6903896,2020-07-27,106,1
17055.0,Franklin,Illinois,37.99189086,-88.92567818,2020-07-27,106,0
72039.0,Ciales,Puerto Rico,18.28885,-66.516475,2020-07-27,105,0
30049.0,Lewis and Clark,Montana,47.12610041,-112.394698,2020-07-27,105,1
13181.0,Lincoln,Georgia,33.79201475,-82.45024131,2020-07-27,105,3
19081.0,Hancock,Iowa,43.08178477,-93.73454884,2020-07-27,105,2
48233.0,Hutchinson,Texas,35.84006574,-101.3546643,2020-07-27,105,2
47039.0,Decatur,Tennessee,35.60048904,-88.11043779,2020-07-27,105,0
19087.0,Henry,Iowa,40.98767962,-91.54436349,2020-07-27,105,3
18111.0,Newton,Indiana,40.95610449,-87.39635768,2020-07-27,105,10
51830.0,Williamsburg,Virginia,37.28131268,-76.70905141,2020-07-27,105,6
46017.0,Buffalo,South Dakota,44.07657829,-99.20814467,2020-07-27,105,3
18147.0,Spencer,Indiana,38.01519732,-87.0079644,2020-07-27,104,1
72054.0,Florida,Puerto Rico,18.373715,-66.560488,2020-07-27,104,0
37041.0,Chowan,North Carolina,36.12908077,-76.60118385,2020-07-27,104,0
28125.0,Sharkey,Mississippi,32.88149103,-90.8159538,2020-07-27,103,1
20121.0,Miami,Kansas,38.56383358,-94.83832189,2020-07-27,103,0
36077.0,Otsego,New York,42.63492579,-75.03151402,2020-07-27,103,5
37187.0,Washington,North Carolina,35.83810081,-76.57299037,2020-07-27,103,3
72121.0,Sabana Grande,Puerto Rico,18.08282,-66.943758,2020-07-27,103,0
5021.0,Clay,Arkansas,36.36826212,-90.4148172,2020-07-27,103,4
72011.0,Anasco,Puerto Rico,18.287985,-67.120611,2020-07-27,103,0
48145.0,Falls,Texas,31.25350609,-96.93630086,2020-07-27,103,1
37121.0,Mitchell,North Carolina,36.01059309,-82.1582442,2020-07-27,103,2
48035.0,Bosque,Texas,31.89978581,-97.63613524,2020-07-27,103,1
8083.0,Montezuma,Colorado,37.33859579,-108.5958857,2020-07-27,102,4
39091.0,Logan,Ohio,40.38996525,-83.76784341,2020-07-27,102,1
48457.0,Tyler,Texas,30.77031716,-94.37690895,2020-07-27,102,1
39073.0,Hocking,Ohio,39.49537927,-82.47991446,2020-07-27,101,9
13281.0,Towns,Georgia,34.91369188,-83.74107459999998,2020-07-27,101,1
54059.0,Mingo,West Virginia,37.73048351,-82.13338365,2020-07-27,101,2
27059.0,Isanti,Minnesota,45.56181234,-93.29487636,2020-07-27,101,0
33009.0,Grafton,New Hampshire,43.93779815,-71.82057197,2020-07-27,101,1
50025.0,Windham,Vermont,42.986982,-72.71268875,2020-07-27,101,3
72071.0,Isabela,Puerto Rico,18.44981,-67.005093,2020-07-27,101,0
1029.0,Cleburne,Alabama,33.67679204,-85.52005899,2020-07-27,101,1
33001.0,Belknap,New Hampshire,43.51637314,-71.41684235,2020-07-27,101,4
38093.0,Stutsman,North Dakota,46.97962541,-98.95637318,2020-07-27,101,2
48503.0,Young,Texas,33.17659707,-98.68790885,2020-07-27,101,3
29225.0,Webster,Missouri,37.2813734,-92.876329,2020-07-27,101,1
56029.0,Park,Wyoming,44.52157546,-109.5852825,2020-07-27,101,0
38061.0,Mountrail,North Dakota,48.20197971,-102.3555315,2020-07-27,101,1
46135.0,Yankton,South Dakota,43.00924485,-97.39467635,2020-07-27,100,2
55061.0,Kewaunee,Wisconsin,44.51727459,-87.61468386,2020-07-27,100,1
54051.0,Marshall,West Virginia,39.86064362,-80.66591062,2020-07-27,100,0
20149.0,Pottawatomie,Kansas,39.37925655,-96.34564657,2020-07-27,100,0
6009.0,Calaveras,California,38.20537103,-120.552913,2020-07-27,99,1
55065.0,Lafayette,Wisconsin,42.66005229,-90.1317729,2020-07-27,99,0
51141.0,Patrick,Virginia,36.6801638,-80.2865648,2020-07-27,99,3
39059.0,Guernsey,Ohio,40.05026529,-81.49248905,2020-07-27,99,6
54057.0,Mineral,West Virginia,39.41561583,-78.94104895,2020-07-27,99,4
42059.0,Greene,Pennsylvania,39.85746531,-80.22357106,2020-07-27,99,0
46023.0,Charles Mix,South Dakota,43.20660134,-98.58856175,2020-07-27,99,0
17085.0,Jo Daviess,Illinois,42.36542373,-90.21094405,2020-07-27,99,1
19023.0,Butler,Iowa,42.73172833,-92.79015971,2020-07-27,99,2
47015.0,Cannon,Tennessee,35.80990797,-86.05738983,2020-07-27,98,0
8029.0,Delta,Colorado,38.86246243,-107.8631342,2020-07-27,98,1
55095.0,Polk,Wisconsin,45.46130348,-92.44182875,2020-07-27,98,2
36025.0,Delaware,New York,42.19837623,-74.96709306,2020-07-27,98,4
16051.0,Jefferson,Idaho,43.82078483,-112.3131749,2020-07-27,97,1
21173.0,Montgomery,Kentucky,38.03253032,-83.9145241,2020-07-27,97,0
40081.0,Lincoln,Oklahoma,35.70270942,-96.8812462,2020-07-27,97,2
13083.0,Dade,Georgia,34.854916700000004,-85.50490424,2020-07-27,97,1
8119.0,Teller,Colorado,38.88133511,-105.1614893,2020-07-27,97,2
39019.0,Carroll,Ohio,40.5789686,-81.09178213,2020-07-27,97,4
47087.0,Jackson,Tennessee,36.36380466,-85.67239905,2020-07-27,97,0
72043.0,Coamo,Puerto Rico,18.097597,-66.36014,2020-07-27,97,0
39071.0,Highland,Ohio,39.1839264,-83.60331456,2020-07-27,96,1
21235.0,Whitley,Kentucky,36.75700531,-84.14541217,2020-07-27,96,1
19035.0,Cherokee,Iowa,42.73538914,-95.62389402,2020-07-27,96,1
17041.0,Douglas,Illinois,39.76768052,-88.21854195,2020-07-27,96,1
37009.0,Ashe,North Carolina,36.43296207,-81.49862729,2020-07-27,96,1
45065.0,McCormick,South Carolina,33.90161443,-82.30794338,2020-07-27,96,2
29147.0,Nodaway,Missouri,40.36079813,-94.88133008,2020-07-27,96,0
8107.0,Routt,Colorado,40.48596505,-106.9905548,2020-07-27,95,6
20009.0,Barton,Kansas,38.47889676,-98.75636726,2020-07-27,95,3
38099.0,Walsh,North Dakota,48.36876964,-97.72574783,2020-07-27,95,0
32013.0,Humboldt,Nevada,41.40692186,-118.1109427,2020-07-27,95,4
29027.0,Callaway,Missouri,38.83674754,-91.92186505,2020-07-27,95,1
39069.0,Henry,Ohio,41.3339642,-84.06830637,2020-07-27,95,0
,Dukes and Nantucket,Massachusetts,41.40674725,-70.68763497,2020-07-27,95,24
13183.0,Long,Georgia,31.75218791,-81.74952375,2020-07-27,95,1
19067.0,Floyd,Iowa,43.06000529999999,-92.78940097,2020-07-27,95,2
29135.0,Moniteau,Missouri,38.63571781,-92.57976951,2020-07-27,94,2
48169.0,Garza,Texas,33.17969345,-101.2984114,2020-07-27,94,1
72045.0,Comerio,Puerto Rico,18.224687,-66.221622,2020-07-27,94,0
26039.0,Crawford,Michigan,44.68255561,-84.61006219,2020-07-27,94,5
72007.0,Aguas Buenas,Puerto Rico,18.251619,-66.126806,2020-07-27,94,0
80026.0,Out of MI,Michigan,0.0,0.0,2020-07-27,93,0
37199.0,Yancey,North Carolina,35.90079156,-82.31237181,2020-07-27,93,0
19173.0,Taylor,Iowa,40.73710579,-94.69778563,2020-07-27,93,0
26105.0,Mason,Michigan,43.99509218,-86.24988902,2020-07-27,93,0
51197.0,Wythe,Virginia,36.91582035,-81.07834059,2020-07-27,93,3
18135.0,Randolph,Indiana,40.15734772,-85.01139319,2020-07-27,92,4
29127.0,Marion,Missouri,39.80601912,-91.62203062,2020-07-27,92,1
13253.0,Seminole,Georgia,30.93464824,-84.86823924,2020-07-27,92,2
55031.0,Douglas,Wisconsin,46.43222285,-91.91595768,2020-07-27,92,0
17145.0,Perry,Illinois,38.08510853,-89.36856219,2020-07-27,92,1
72003.0,Aguada,Puerto Rico,18.360255,-67.17513100000001,2020-07-27,92,0
5135.0,Sharp,Arkansas,36.16258158,-91.47819342,2020-07-27,92,5
21155.0,Marion,Kentucky,37.55218078,-85.26898542,2020-07-27,92,0
42087.0,Mifflin,Pennsylvania,40.61116939,-77.61070738,2020-07-27,91,1
53039.0,Klickitat,Washington,45.87325839,-120.7913598,2020-07-27,91,3
8043.0,Fremont,Colorado,38.47362326,-105.4399667,2020-07-27,91,0
51173.0,Smyth,Virginia,36.84455636,-81.53344948,2020-07-27,91,2
28009.0,Benton,Mississippi,34.81681228,-89.18945516,2020-07-27,91,0
55033.0,Dunn,Wisconsin,44.94562799,-91.8962481,2020-07-27,91,0
19019.0,Buchanan,Iowa,42.4709188,-91.83510825,2020-07-27,91,1
42093.0,Montour,Pennsylvania,41.03023987,-76.66345939,2020-07-27,91,3
37173.0,Swain,North Carolina,35.48665845,-83.48748932,2020-07-27,91,2
27023.0,Chippewa,Minnesota,45.02343421,-95.56403693,2020-07-27,90,1
19119.0,Lyon,Iowa,43.38107862,-96.20926845,2020-07-27,90,0
31177.0,Washington,Nebraska,41.52815707,-96.22019892,2020-07-27,90,1
72077.0,Juncos,Puerto Rico,18.223793,-65.909109,2020-07-27,89,0
54045.0,Logan,West Virginia,37.8299889,-81.93528571,2020-07-27,89,1
39111.0,Monroe,Ohio,39.72984936,-81.08464734,2020-07-27,89,17
56023.0,Lincoln,Wyoming,42.26376367,-110.6563997,2020-07-27,89,0
17153.0,Pulaski,Illinois,37.22631423,-89.13085001,2020-07-27,89,0
37177.0,Tyrrell,North Carolina,35.87147226,-76.17055253,2020-07-27,88,1
26151.0,Sanilac,Michigan,43.42406072,-82.82055898,2020-07-27,88,6
20191.0,Sumner,Kansas,37.23682549,-97.47721621,2020-07-27,88,2
51009.0,Amherst,Virginia,37.60308293,-79.14548696,2020-07-27,88,0
39015.0,Brown,Ohio,38.93416837,-83.86788395,2020-07-27,88,1
20067.0,Grant,Kansas,37.56227336,-101.3079758,2020-07-27,88,2
28037.0,Franklin,Mississippi,31.47786634,-90.89672989,2020-07-27,88,2
18175.0,Washington,Indiana,38.60219804,-86.1049363,2020-07-27,88,1
8105.0,Rio Grande,Colorado,37.5836865,-106.3847838,2020-07-27,87,2
19121.0,Madison,Iowa,41.33081904,-94.01554631,2020-07-27,87,2
36023.0,Cortland,New York,42.59509207,-76.07048931,2020-07-27,87,0
47061.0,Grundy,Tennessee,35.38433717,-85.72142731,2020-07-27,87,2
48127.0,Dimmit,Texas,28.42270064,-99.75645095,2020-07-27,87,0
12037.0,Franklin,Florida,29.83791238,-84.82731662,2020-07-27,87,1
42109.0,Snyder,Pennsylvania,40.77129231,-77.06840691,2020-07-27,87,2
21061.0,Edmonson,Kentucky,37.21218923,-86.23955613,2020-07-27,87,12
6015.0,Del Norte,California,41.74228275,-123.8974063,2020-07-27,87,0
54055.0,Mercer,West Virginia,37.40481169,-81.11023142,2020-07-27,87,0
19133.0,Monona,Iowa,42.05220391,-95.95743843,2020-07-27,87,0
21207.0,Russell,Kentucky,36.99308373,-85.06070117,2020-07-27,87,5
72027.0,Camuy,Puerto Rico,18.418578,-66.860206,2020-07-27,87,0
31081.0,Hamilton,Nebraska,40.87349452,-98.02099117,2020-07-27,87,12
35055.0,Taos,New Mexico,36.58006022,-105.6310198,2020-07-27,86,1
48445.0,Terry,Texas,33.17402785,-102.3354521,2020-07-27,86,2
48165.0,Gaines,Texas,32.74055318,-102.6353295,2020-07-27,86,0
39021.0,Champaign,Ohio,40.13923427,-83.76875242,2020-07-27,85,1
1037.0,Coosa,Alabama,32.93690146,-86.24847739,2020-07-27,85,2
21081.0,Grant,Kentucky,38.64962758,-84.62415957,2020-07-27,85,5
48031.0,Blanco,Texas,30.26640707,-98.3999852,2020-07-27,85,2
54029.0,Hancock,West Virginia,40.51943859,-80.57461608,2020-07-27,85,0
5101.0,Newton,Arkansas,35.91947491,-93.21612969,2020-07-27,85,0
72109.0,Patillas,Puerto Rico,18.03174,-66.012242,2020-07-27,85,0
35023.0,Hidalgo,New Mexico,31.91383467,-108.7151824,2020-07-27,85,0
46085.0,Lyman,South Dakota,43.89522709,-99.85201878,2020-07-27,84,1
19085.0,Harrison,Iowa,41.68330137,-95.81558439,2020-07-27,84,0
41033.0,Josephine,Oregon,42.3665549,-123.5561938,2020-07-27,84,1
50021.0,Rutland,Vermont,43.57723578,-73.03741676,2020-07-27,84,1
47173.0,Union,Tennessee,36.28590426,-83.83651902,2020-07-27,84,0
21137.0,Lincoln,Kentucky,37.45475628,-84.6565327,2020-07-27,84,1
12067.0,Lafayette,Florida,29.98484137,-83.18166636,2020-07-27,83,0
46065.0,Hughes,South Dakota,44.39091534,-99.99661148,2020-07-27,83,2
21171.0,Monroe,Kentucky,36.71225341,-85.71596443,2020-07-27,83,2
36099.0,Seneca,New York,42.78081007,-76.82497064,2020-07-27,83,3
17165.0,Saline,Illinois,37.75332999,-88.54119706,2020-07-27,83,0
5047.0,Franklin,Arkansas,35.51202821,-93.89299569,2020-07-27,83,1
47153.0,Sequatchie,Tennessee,35.36979721,-85.41022136,2020-07-27,83,0
18021.0,Clay,Indiana,39.39561833,-87.11723506,2020-07-27,83,5
33005.0,Cheshire,New Hampshire,42.92015988,-72.25311043,2020-07-27,82,2
19091.0,Humboldt,Iowa,42.7764426,-94.20722537,2020-07-27,82,1
5081.0,Little River,Arkansas,33.70375665,-94.23468591,2020-07-27,82,1
18159.0,Tipton,Indiana,40.31123252,-86.05234925,2020-07-27,82,2
50003.0,Bennington,Vermont,43.03519828,-73.09048868,2020-07-27,82,1
19043.0,Clayton,Iowa,42.84443388,-91.34133693,2020-07-27,82,3
55029.0,Door,Wisconsin,44.95856458,-87.30002707,2020-07-27,82,3
72089.0,Luquillo,Puerto Rico,18.342114,-65.72509699999999,2020-07-27,82,0
54025.0,Greenbrier,West Virginia,37.9463652,-80.45335881,2020-07-27,82,3
72151.0,Yabucoa,Puerto Rico,18.070399,-65.896289,2020-07-27,81,0
53027.0,Grays Harbor,Washington,47.14003705,-123.7820567,2020-07-27,81,2
21217.0,Taylor,Kentucky,37.3677562,-85.3329931,2020-07-27,81,1
27093.0,Meeker,Minnesota,45.12328869,-94.52839455,2020-07-27,81,2
47121.0,Meigs,Tennessee,35.51558739,-84.81482914,2020-07-27,81,0
13079.0,Crawford,Georgia,32.71391813,-83.98061238,2020-07-27,81,0
72133.0,Santa Isabel,Puerto Rico,17.994525,-66.388913,2020-07-27,81,0
33003.0,Carroll,New Hampshire,43.87498583,-71.20430216,2020-07-27,81,1
48299.0,Llano,Texas,30.70645047,-98.68475262,2020-07-27,81,0
6005.0,Amador,California,38.44583082,-120.65696,2020-07-27,81,0
46035.0,Davison,South Dakota,43.67490933,-98.14458906,2020-07-27,81,0
48205.0,Hartley,Texas,35.84008013,-102.6029022,2020-07-27,81,2
40073.0,Kingfisher,Oklahoma,35.94530008,-97.94193268,2020-07-27,81,0
17021.0,Christian,Illinois,39.54581621,-89.27780482,2020-07-27,80,4
41011.0,Coos,Oregon,43.17406868,-124.0594514,2020-07-27,80,0
31111.0,Lincoln,Nebraska,41.04658298,-100.7475374,2020-07-27,80,2
17011.0,Bureau,Illinois,41.40385234,-89.5283051,2020-07-27,80,2
21043.0,Carter,Kentucky,38.31690743,-83.05092385,2020-07-27,80,1
13309.0,Wheeler,Georgia,32.12009104,-82.72574721,2020-07-27,80,1
19055.0,Delaware,Iowa,42.47104597,-91.3664492,2020-07-27,79,1
53009.0,Clallam,Washington,48.04754642,-123.9226319,2020-07-27,79,0
27097.0,Morrison,Minnesota,46.01265363,-94.27341528,2020-07-27,79,1
8039.0,Elbert,Colorado,39.28656773,-104.1358721,2020-07-27,79,2
48343.0,Morris,Texas,33.11304005,-94.73255695,2020-07-27,79,1
72117.0,Rincon,Puerto Rico,18.335443,-67.23174,2020-07-27,78,0
48159.0,Franklin,Texas,33.17653242,-95.21917243,2020-07-27,78,1
13283.0,Treutlen,Georgia,32.40422134,-82.56904553,2020-07-27,78,2
48399.0,Runnels,Texas,31.8314342,-99.97616148,2020-07-27,78,2
40063.0,Hughes,Oklahoma,35.04912569,-96.24921145,2020-07-27,78,1
40055.0,Greer,Oklahoma,34.93535801,-99.5605612,2020-07-27,78,7
2110.0,Juneau,Alaska,58.45031811,-134.200436,2020-07-27,78,2
48351.0,Newton,Texas,30.78548982,-93.74408813,2020-07-27,78,2
51105.0,Lee,Virginia,36.70586667,-83.12606515,2020-07-27,78,0
56001.0,Albany,Wyoming,41.65498705,-105.7235415,2020-07-27,77,0
72001.0,Adjuntas,Puerto Rico,18.180117000000006,-66.754367,2020-07-27,77,0
48047.0,Brooks,Texas,27.03103197,-98.21808402,2020-07-27,77,1
55137.0,Waushara,Wisconsin,44.11324419,-89.24317107,2020-07-27,77,0
47085.0,Humphreys,Tennessee,36.03958805,-87.77992872,2020-07-27,77,3
21215.0,Spencer,Kentucky,38.03223971,-85.32749335,2020-07-27,77,0
21077.0,Gallatin,Kentucky,38.75398691,-84.8558382,2020-07-27,77,8
19095.0,Iowa,Iowa,41.68630265,-92.0643373,2020-07-27,77,1
19111.0,Lee,Iowa,40.64181461,-91.48183025,2020-07-27,77,2
72103.0,Naguabo,Puerto Rico,18.230637,-65.753897,2020-07-27,77,0
27043.0,Faribault,Minnesota,43.67381499,-93.94787458,2020-07-27,76,0
18139.0,Rush,Indiana,39.62002287,-85.4655599,2020-07-27,76,4
51600.0,Fairfax City,Virginia,38.85157547,-77.29779640000002,2020-07-27,76,7
19161.0,Sac,Iowa,42.38624071,-95.10547892,2020-07-27,76,0
29075.0,Gentry,Missouri,40.21097916,-94.40944419,2020-07-27,76,9
72067.0,Hormigueros,Puerto Rico,18.134532,-67.113972,2020-07-27,76,0
48281.0,Lampasas,Texas,31.19531316,-98.24206613,2020-07-27,76,1
18075.0,Jay,Indiana,40.43781032,-85.00576229,2020-07-27,75,0
35027.0,Lincoln,New Mexico,33.74526079,-105.4586166,2020-07-27,75,1
19143.0,Osceola,Iowa,43.37824276,-95.62422844,2020-07-27,75,0
48357.0,Ochiltree,Texas,36.27829105,-100.8158184,2020-07-27,75,3
21071.0,Floyd,Kentucky,37.56213922,-82.74750924,2020-07-27,75,1
38077.0,Richland,North Dakota,46.26440649,-96.94852979,2020-07-27,75,0
29003.0,Andrew,Missouri,39.98492163,-94.80163024,2020-07-27,75,1
19025.0,Calhoun,Iowa,42.38521079,-94.64046046,2020-07-27,75,2
19131.0,Mitchell,Iowa,43.35638371,-92.78887719,2020-07-27,75,0
42015.0,Bradford,Pennsylvania,41.78869215,-76.51570822,2020-07-27,75,3
36003.0,Allegany,New York,42.25748406,-78.02750466,2020-07-27,74,1
27143.0,Sibley,Minnesota,44.5796592,-94.23164924,2020-07-27,74,2
39127.0,Perry,Ohio,39.73508655,-82.23804971,2020-07-27,74,1
29033.0,Carroll,Missouri,39.42762566,-93.50626255,2020-07-27,74,0
17105.0,Livingston,Illinois,40.89188292,-88.55784752,2020-07-27,74,2
21233.0,Webster,Kentucky,37.52168356,-87.67989953,2020-07-27,74,1
48475.0,Ward,Texas,31.50999644,-103.0927909,2020-07-27,74,1
40103.0,Noble,Oklahoma,36.38953329,-97.22928674,2020-07-27,74,2
13235.0,Pulaski,Georgia,32.23334561,-83.47549959999998,2020-07-27,74,2
31067.0,Gage,Nebraska,40.26186809,-96.68946704,2020-07-27,74,4
21103.0,Henry,Kentucky,38.44942688,-85.11587507,2020-07-27,74,2
8113.0,San Miguel,Colorado,38.00450883,-108.4020725,2020-07-27,73,0
17203.0,Woodford,Illinois,40.78579374,-89.20973757,2020-07-27,73,3
51057.0,Essex,Virginia,37.93357639,-76.94230311,2020-07-27,73,1
51101.0,King William,Virginia,37.70965316,-77.09384941,2020-07-27,73,2
26109.0,Menominee,Michigan,45.58038692,-87.55370409,2020-07-27,73,0
72065.0,Hatillo,Puerto Rico,18.410928,-66.79632600000001,2020-07-27,73,0
72087.0,Loiza,Puerto Rico,18.425688,-65.89943000000001,2020-07-27,72,0
48437.0,Swisher,Texas,34.53028891,-101.7349174,2020-07-27,72,2
42031.0,Clarion,Pennsylvania,41.19265812,-79.42413524,2020-07-27,72,2
19109.0,Kossuth,Iowa,43.20405458,-94.20691791,2020-07-27,72,0
27015.0,Brown,Minnesota,44.24205652,-94.72562874,2020-07-27,72,2
8025.0,Crowley,Colorado,38.32608609,-103.7844965,2020-07-27,72,1
37011.0,Avery,North Carolina,36.07569796,-81.92308483,2020-07-27,72,0
48385.0,Real,Texas,29.83321503,-99.82018052,2020-07-27,71,0
51155.0,Pulaski,Virginia,37.06474963,-80.71229738,2020-07-27,71,2
19065.0,Fayette,Iowa,42.86271799,-91.8441231,2020-07-27,71,0
19101.0,Jefferson,Iowa,41.03192394,-91.94849466,2020-07-27,71,0
35053.0,Socorro,New Mexico,34.00715494,-106.9298354,2020-07-27,71,5
21163.0,Meade,Kentucky,37.96163597,-86.21028219,2020-07-27,71,2
72015.0,Arroyo,Puerto Rico,17.998457000000005,-66.056546,2020-07-27,71,0
16057.0,Latah,Idaho,46.81587887,-116.7113698,2020-07-27,71,0
48019.0,Bandera,Texas,29.74619598,-99.24598147,2020-07-27,71,1
39047.0,Fayette,Ohio,39.56021306,-83.4562016,2020-07-27,71,0
50001.0,Addison,Vermont,44.03217337,-73.14130877,2020-07-27,71,2
19129.0,Mills,Iowa,41.03299766,-95.61920963,2020-07-27,71,0
18001.0,Adams,Indiana,40.7457653,-84.93671406,2020-07-27,71,1
19191.0,Winneshiek,Iowa,43.29094334,-91.84422722,2020-07-27,71,1
18119.0,Owen,Indiana,39.31145587,-86.83900724,2020-07-27,70,1
47091.0,Johnson,Tennessee,36.45523950000001,-81.84886538,2020-07-27,70,0
51195.0,Wise,Virginia,36.9746148,-82.62410519,2020-07-27,70,3
72149.0,Villalba,Puerto Rico,18.127951,-66.473115,2020-07-27,70,0
,Southeast Utah,Utah,38.99617072,-110.7013958,2020-07-27,70,0
54005.0,Boone,West Virginia,38.01974191,-81.69888019,2020-07-27,70,0
72009.0,Aibonito,Puerto Rico,18.131361,-66.264131,2020-07-27,70,0
41009.0,Columbia,Oregon,45.94464254,-123.0890898,2020-07-27,70,0
19189.0,Winnebago,Iowa,43.37751174,-93.73407298,2020-07-27,69,0
55085.0,Oneida,Wisconsin,45.70677897,-89.51944105,2020-07-27,69,0
18131.0,Pulaski,Indiana,41.04166107,-86.69890683,2020-07-27,69,1
13061.0,Clay,Georgia,31.62221166,-84.97713865,2020-07-27,69,2
21089.0,Greenup,Kentucky,38.54332505,-82.9215658,2020-07-27,69,0
13289.0,Twiggs,Georgia,32.67435595,-83.43078662,2020-07-27,69,2
50027.0,Windsor,Vermont,43.58010937,-72.58595157,2020-07-27,69,2
41007.0,Clatsop,Oregon,45.99712889,-123.660711,2020-07-27,68,0
56007.0,Carbon,Wyoming,41.69357844,-106.9326084,2020-07-27,68,0
21099.0,Hart,Kentucky,37.29943898,-85.88461055,2020-07-27,68,0
51185.0,Tazewell,Virginia,37.12191123,-81.56685568,2020-07-27,68,0
48175.0,Goliad,Texas,28.65696592,-97.42760647,2020-07-27,68,1
17049.0,Effingham,Illinois,39.05935711,-88.58969584,2020-07-27,68,1
47067.0,Hancock,Tennessee,36.52692871,-83.22375847,2020-07-27,68,0
5103.0,Ouachita,Arkansas,33.58839816,-92.87795984,2020-07-27,68,1
36095.0,Schoharie,New York,42.58831742,-74.44339029999998,2020-07-27,68,0
46079.0,Lake,South Dakota,44.02193107,-97.12926365,2020-07-27,67,2
55077.0,Marquette,Wisconsin,43.81911946,-89.40073763,2020-07-27,67,1
40127.0,Pushmataha,Oklahoma,34.41635232,-95.37603505,2020-07-27,67,0
29131.0,Miller,Missouri,38.21450288,-92.42610898,2020-07-27,67,0
20021.0,Cherokee,Kansas,37.16928494,-94.8462897,2020-07-27,67,1
46093.0,Meade,South Dakota,44.56676791,-102.7162741,2020-07-27,67,1
40095.0,Marshall,Oklahoma,34.02311222,-96.76855464,2020-07-27,67,0
18153.0,Sullivan,Indiana,39.08952258,-87.41414469,2020-07-27,66,1
38005.0,Benson,North Dakota,48.0683985,-99.35916363,2020-07-27,66,1
72079.0,Lajas,Puerto Rico,18.011661,-67.040585,2020-07-27,66,0
46121.0,Todd,South Dakota,43.19338568,-100.7195503,2020-07-27,66,3
37053.0,Currituck,North Carolina,36.36123664,-75.95876401,2020-07-27,66,0
31159.0,Seward,Nebraska,40.87241834,-97.139673,2020-07-27,66,1
51007.0,Amelia,Virginia,37.34081025,-77.98584649,2020-07-27,66,1
27157.0,Wabasha,Minnesota,44.28424356,-92.23121312,2020-07-27,66,0
38053.0,McKenzie,North Dakota,47.74133370000001,-103.395905,2020-07-27,65,0
19075.0,Grundy,Iowa,42.40183723,-92.78829551,2020-07-27,65,1
17107.0,Logan,Illinois,40.12581572,-89.36638784,2020-07-27,65,0
48495.0,Winkler,Texas,31.85008651,-103.0485163,2020-07-27,65,1
6093.0,Siskiyou,California,41.59198861,-122.5407434,2020-07-27,65,0
48103.0,Crane,Texas,31.43052248,-102.5143314,2020-07-27,65,2
48153.0,Floyd,Texas,34.07227468,-101.3031546,2020-07-27,65,4
19135.0,Monroe,Iowa,41.02988815,-92.8690667,2020-07-27,65,7
51027.0,Buchanan,Virginia,37.26818323,-82.03749726,2020-07-27,64,0
27063.0,Jackson,Minnesota,43.67423373,-95.15398258,2020-07-27,64,0
51043.0,Clarke,Virginia,39.11271747,-77.99199425,2020-07-27,64,0
21017.0,Bourbon,Kentucky,38.2054607,-84.21827874,2020-07-27,64,1
18013.0,Brown,Indiana,39.19605589,-86.22868909,2020-07-27,64,1
19175.0,Union,Iowa,41.0277278,-94.24234847,2020-07-27,64,1
20031.0,Coffey,Kansas,38.2365018,-95.73379515,2020-07-27,64,8
19147.0,Palo Alto,Iowa,43.08193849,-94.67824621,2020-07-27,64,0
26133.0,Osceola,Michigan,43.98992088,-85.32566756,2020-07-27,64,0
27113.0,Pennington,Minnesota,48.06642577,-96.0370814,2020-07-27,63,1
48501.0,Yoakum,Texas,33.17320212,-102.8276433,2020-07-27,63,1
46109.0,Roberts,South Dakota,45.62975048,-96.94672673,2020-07-27,63,0
37005.0,Alleghany,North Carolina,36.49360862,-81.12857041,2020-07-27,63,0
31185.0,York,Nebraska,40.87272618,-97.59710186,2020-07-27,63,0
26089.0,Leelanau,Michigan,44.94430054,-85.80150326,2020-07-27,63,0
35017.0,Grant,New Mexico,32.73911281,-108.3827845,2020-07-27,63,1
55001.0,Adams,Wisconsin,43.96974651,-89.76782777,2020-07-27,62,2
30081.0,Ravalli,Montana,46.08520862,-114.11891640000002,2020-07-27,62,1
54027.0,Hampshire,West Virginia,39.32103553,-78.60826476,2020-07-27,62,1
51163.0,Rockbridge,Virginia,37.81204314,-79.44605905,2020-07-27,62,0
13269.0,Taylor,Georgia,32.55792548,-84.25077141,2020-07-27,62,2
55051.0,Iron,Wisconsin,46.26302338,-90.24295041,2020-07-27,62,1
20011.0,Bourbon,Kansas,37.85508555,-94.84865997,2020-07-27,62,1
27133.0,Rock,Minnesota,43.67482683,-96.25296832,2020-07-27,62,0
26053.0,Gogebic,Michigan,46.40862701,-89.69377193,2020-07-27,62,1
8065.0,Lake,Colorado,39.20278823,-106.3555697,2020-07-27,61,0
51011.0,Appomattox,Virginia,37.37569884,-78.81340003,2020-07-27,61,0
5025.0,Cleveland,Arkansas,33.89723187,-92.18537045,2020-07-27,61,1
30057.0,Madison,Montana,45.30080065,-111.9173017,2020-07-27,61,1
40085.0,Love,Oklahoma,33.95273467,-97.23906784,2020-07-27,61,0
39161.0,Van Wert,Ohio,40.8554138,-84.59111700000003,2020-07-27,61,1
72115.0,Quebradillas,Puerto Rico,18.439692,-66.926113,2020-07-27,60,0
26041.0,Delta,Michigan,45.90484910000001,-86.9080745,2020-07-27,60,3
23027.0,Waldo,Maine,44.4858305,-69.12061935,2020-07-27,60,14
51049.0,Cumberland,Virginia,37.51328851,-78.24398086,2020-07-27,60,0
47135.0,Perry,Tennessee,35.63708728,-87.86139634,2020-07-27,60,0
29209.0,Stone,Missouri,36.75000327,-93.45256475,2020-07-27,59,1
21079.0,Garrard,Kentucky,37.6388668,-84.53289319,2020-07-27,59,0
48305.0,Lynn,Texas,33.17657705,-101.8162849,2020-07-27,59,3
20005.0,Atchison,Kansas,39.53185661,-95.30870026,2020-07-27,59,0
51133.0,Northumberland,Virginia,37.89202088,-76.41949732,2020-07-27,59,1
17023.0,Clark,Illinois,39.33425789,-87.78705622,2020-07-27,59,0
47161.0,Stewart,Tennessee,36.50235092,-87.83920548,2020-07-27,59,0
17083.0,Jersey,Illinois,39.08869046,-90.35393073,2020-07-27,59,1
53075.0,Whitman,Washington,46.90022523,-117.5241763,2020-07-27,59,0
29161.0,Phelps,Missouri,37.87736118,-91.79351727,2020-07-27,59,0
47129.0,Morgan,Tennessee,36.13248031,-84.64880098,2020-07-27,59,1
53065.0,Stevens,Washington,48.40035475,-117.8542701,2020-07-27,59,1
26165.0,Wexford,Michigan,44.33853602,-85.57712739,2020-07-27,58,4
29177.0,Ray,Missouri,39.3537468,-93.98905745,2020-07-27,58,0
5109.0,Pike,Arkansas,34.16250414,-93.65789349,2020-07-27,58,1
40005.0,Atoka,Oklahoma,34.37366573,-96.03802487,2020-07-27,58,0
21205.0,Rowan,Kentucky,38.19484205,-83.42088935,2020-07-27,58,0
27071.0,Koochiching,Minnesota,48.24539665,-93.78352843,2020-07-27,58,3
51005.0,Alleghany,Virginia,37.78636074,-80.00222498,2020-07-27,57,2
29015.0,Benton,Missouri,38.29503305,-93.28756116,2020-07-27,57,1
31123.0,Morrill,Nebraska,41.71711774,-103.0061405,2020-07-27,57,0
55049.0,Iowa,Wisconsin,43.00050278,-90.13469017,2020-07-27,57,0
55041.0,Forest,Wisconsin,45.66678019,-88.77084892,2020-07-27,57,4
37043.0,Clay,North Carolina,35.05704275,-83.74353633,2020-07-27,57,0
72017.0,Barceloneta,Puerto Rico,18.445533,-66.56053100000001,2020-07-27,57,0
47151.0,Scott,Tennessee,36.42325673,-84.50360494,2020-07-27,57,0
8125.0,Yuma,Colorado,40.00346839,-102.4258673,2020-07-27,57,0
29053.0,Cooper,Missouri,38.844478,-92.80896081,2020-07-27,57,0
16079.0,Shoshone,Idaho,47.35364087,-115.8916749,2020-07-27,56,0
31051.0,Dixon,Nebraska,42.49188363,-96.86782408,2020-07-27,56,2
18007.0,Benton,Indiana,40.60626947,-87.31093999,2020-07-27,56,0
42131.0,Wyoming,Pennsylvania,41.51955538,-76.01074915,2020-07-27,56,7
47049.0,Fentress,Tennessee,36.38128818,-84.92870012,2020-07-27,56,0
29163.0,Pike,Missouri,39.34310674,-91.16980779,2020-07-27,56,1
19145.0,Page,Iowa,40.7393172,-95.1497813,2020-07-27,56,0
51113.0,Madison,Virginia,38.41531222,-78.28220331,2020-07-27,56,1
5005.0,Baxter,Arkansas,36.28784385,-92.33782872,2020-07-27,56,0
35057.0,Torrance,New Mexico,34.64048375,-105.8508949,2020-07-27,56,1
37143.0,Perquimans,North Carolina,36.17847453,-76.40603143,2020-07-27,56,2
5117.0,Prairie,Arkansas,34.83624419,-91.55162157,2020-07-27,56,0
29011.0,Barton,Missouri,37.50207671,-94.34757022,2020-07-27,55,0
30053.0,Lincoln,Montana,48.54265777,-115.4046155,2020-07-27,55,1
55069.0,Lincoln,Wisconsin,45.33737523,-89.73411273,2020-07-27,55,0
39079.0,Jackson,Ohio,39.01914254,-82.61818559999998,2020-07-27,55,0
42121.0,Venango,Pennsylvania,41.40323442,-79.75845449,2020-07-27,55,0
39125.0,Paulding,Ohio,41.11676341,-84.5801017,2020-07-27,55,0
36031.0,Essex,New York,44.11630765,-73.77297842,2020-07-27,55,0
27045.0,Fillmore,Minnesota,43.67394126,-92.08980382,2020-07-27,55,0
51610.0,Falls Church,Virginia,38.88485255,-77.17560759,2020-07-27,55,6
18045.0,Fountain,Indiana,40.12361933,-87.24217689,2020-07-27,55,2
5067.0,Jackson,Arkansas,35.59802983,-91.21494602,2020-07-27,54,1
29083.0,Henry,Missouri,38.38482826,-93.79293734,2020-07-27,54,3
4011.0,Greenlee,Arizona,33.21498827,-109.2405279,2020-07-27,54,1
48193.0,Hamilton,Texas,31.70470573,-98.11083887,2020-07-27,54,1
20093.0,Kearny,Kansas,38.00017981,-101.321681,2020-07-27,54,1
31023.0,Butler,Nebraska,41.22703692,-97.13106306,2020-07-27,54,0
29229.0,Wright,Missouri,37.27029221,-92.46914488,2020-07-27,54,0
48435.0,Sutton,Texas,30.49856623,-100.5382014,2020-07-27,54,1
31093.0,Howard,Nebraska,41.2200529,-98.5166499,2020-07-27,53,4
72141.0,Utuado,Puerto Rico,18.271214,-66.702984,2020-07-27,53,0
27129.0,Renville,Minnesota,44.72836381,-94.94553734,2020-07-27,53,4
27081.0,Lincoln,Minnesota,44.41311883,-96.26688165,2020-07-27,53,0
37137.0,Pamlico,North Carolina,35.15253315,-76.66559823,2020-07-27,53,1
46041.0,Dewey,South Dakota,45.15639647,-100.8709139,2020-07-27,53,0
26047.0,Emmet,Michigan,45.52625509,-84.89083249,2020-07-27,53,2
29049.0,Clinton,Missouri,39.6013098,-94.40465394,2020-07-27,53,0
26035.0,Clare,Michigan,43.98794227,-84.84819859999998,2020-07-27,52,3
72055.0,Guanica,Puerto Rico,17.982429,-66.91964300000001,2020-07-27,52,0
55023.0,Crawford,Wisconsin,43.23870316,-90.93073686,2020-07-27,52,0
36123.0,Yates,New York,42.63505484,-77.10369919,2020-07-27,52,7
37029.0,Camden,North Carolina,36.33804939,-76.15568396,2020-07-27,52,2
72111.0,Penuelas,Puerto Rico,18.059645,-66.721572,2020-07-27,52,0
16081.0,Teton,Idaho,43.75303583,-111.2056773,2020-07-27,52,0
13007.0,Baker,Georgia,31.32669878,-84.44218806,2020-07-27,52,3
22107.0,Tensas,Louisiana,32.00760749,-91.32915234,2020-07-27,52,0
21231.0,Wayne,Kentucky,36.80310688,-84.8251971,2020-07-27,52,0
40035.0,Craig,Oklahoma,36.76268118,-95.20916602,2020-07-27,52,0
21005.0,Anderson,Kentucky,38.00671029,-84.99171713,2020-07-27,51,1
32015.0,Lander,Nevada,39.9332233,-117.0397075,2020-07-27,51,1
54031.0,Hardy,West Virginia,39.00683177,-78.85855301,2020-07-27,51,0
54043.0,Lincoln,West Virginia,38.172154,-82.07017953,2020-07-27,51,0
30035.0,Glacier,Montana,48.70513576,-112.9934235,2020-07-27,51,1
19195.0,Worth,Iowa,43.37750768,-93.26087602,2020-07-27,51,0
38085.0,Sioux,North Dakota,46.11323337,-101.0440149,2020-07-27,51,0
42065.0,Jefferson,Pennsylvania,41.12913106,-78.9986361,2020-07-27,51,1
48383.0,Reagan,Texas,31.36607041,-101.5232659,2020-07-27,51,3
20069.0,Gray,Kansas,37.73836671,-100.4369088,2020-07-27,51,0
47005.0,Benton,Tennessee,36.07110411,-88.06849355,2020-07-27,50,1
51167.0,Russell,Virginia,36.93028320000001,-82.10095486,2020-07-27,50,1
17189.0,Washington,Illinois,38.35309213,-89.40982703,2020-07-27,50,0
39131.0,Pike,Ohio,39.07634001,-83.06769584,2020-07-27,50,0
17087.0,Johnson,Illinois,37.45939802,-88.88165419,2020-07-27,50,0
53031.0,Jefferson,Washington,47.75003077,-123.56097040000002,2020-07-27,50,0
26107.0,Mecosta,Michigan,43.64064262,-85.32463223,2020-07-27,50,2
20087.0,Jefferson,Kansas,39.2347941,-95.38289232,2020-07-27,50,0
27095.0,Mille Lacs,Minnesota,45.93705297,-93.63236823,2020-07-27,50,3
27151.0,Swift,Minnesota,45.2829032,-95.68264092,2020-07-27,50,1
72037.0,Ceiba,Puerto Rico,18.251818,-65.666416,2020-07-27,50,0
29017.0,Bollinger,Missouri,37.32449052,-90.02725304,2020-07-27,50,0
26129.0,Ogemaw,Michigan,44.33481032,-84.12725175,2020-07-27,50,2
21225.0,Union,Kentucky,37.66166713,-87.94300009,2020-07-27,49,0
23017.0,Oxford,Maine,44.49952995,-70.75682123,2020-07-27,49,0
40099.0,Murray,Oklahoma,34.48116015,-97.06826283,2020-07-27,49,0
21229.0,Washington,Kentucky,37.75599461,-85.17407732,2020-07-27,49,0
55047.0,Green Lake,Wisconsin,43.80025981,-89.04679553,2020-07-27,49,0
17079.0,Jasper,Illinois,39.01054275,-88.15437049,2020-07-27,49,7
48247.0,Jim Hogg,Texas,27.04453923,-98.6968187,2020-07-27,48,1
5039.0,Dallas,Arkansas,33.97042763,-92.65167437,2020-07-27,48,0
17131.0,Mercer,Illinois,41.20596782,-90.74290052,2020-07-27,48,0
31039.0,Cuming,Nebraska,41.91637624,-96.78730772,2020-07-27,48,0
16063.0,Lincoln,Idaho,43.0012336,-114.1358773,2020-07-27,48,0
55123.0,Vernon,Wisconsin,43.59422667,-90.8324691,2020-07-27,48,0
54009.0,Brooke,West Virginia,40.27367263,-80.57915332,2020-07-27,48,0
20133.0,Neosho,Kansas,37.55862897,-95.30670046,2020-07-27,48,0
17193.0,White,Illinois,38.08706198,-88.17657461,2020-07-27,48,0
18009.0,Blackford,Indiana,40.47388153,-85.32499702,2020-07-27,48,2
19051.0,Davis,Iowa,40.74773536,-92.41005468,2020-07-27,48,1
48195.0,Hansford,Texas,36.27743284,-101.3545796,2020-07-27,47,2
5073.0,Lafayette,Arkansas,33.24116713,-93.60677071,2020-07-27,47,2
40105.0,Nowata,Oklahoma,36.79843529,-95.61902331,2020-07-27,47,1
30017.0,Custer,Montana,46.25319932,-105.57375259999998,2020-07-27,47,0
53059.0,Skamania,Washington,46.02408726,-121.9164403,2020-07-27,47,1
17139.0,Moultrie,Illinois,39.64187451,-88.62099969,2020-07-27,47,0
40141.0,Tillman,Oklahoma,34.37288446,-98.92426619,2020-07-27,47,1
29067.0,Douglas,Missouri,36.9325593,-92.49905109,2020-07-27,47,1
30009.0,Carbon,Montana,45.22850116,-109.0274047,2020-07-27,47,0
50023.0,Washington,Vermont,44.27343241,-72.61604978,2020-07-27,47,1
19037.0,Chickasaw,Iowa,43.06001295,-92.31773347,2020-07-27,47,0
21203.0,Rockcastle,Kentucky,37.36642393,-84.31176452,2020-07-27,47,0
19089.0,Howard,Iowa,43.35671042,-92.31702714,2020-07-27,47,0
26079.0,Kalkaska,Michigan,44.68512729,-85.09085699,2020-07-27,47,4
29217.0,Vernon,Missouri,37.8457799,-94.34127305,2020-07-27,46,0
21161.0,Mason,Kentucky,38.59471935,-83.82151043,2020-07-27,46,1
29221.0,Washington,Missouri,37.96130078,-90.87948158,2020-07-27,46,1
29141.0,Morgan,Missouri,38.4181765,-92.88791859,2020-07-27,46,0
37103.0,Jones,North Carolina,35.02254606,-77.35870791,2020-07-27,46,3
47027.0,Clay,Tennessee,36.55151008,-85.53930419,2020-07-27,46,0
48107.0,Crosby,Texas,33.61431553,-101.3000364,2020-07-27,46,2
51111.0,Lunenburg,Virginia,36.94618528,-78.24133319,2020-07-27,46,0
13301.0,Warren,Georgia,33.41146451,-82.67795848,2020-07-27,46,0
8099.0,Prowers,Colorado,37.95544985,-102.3926052,2020-07-27,46,0
5095.0,Monroe,Arkansas,34.6815935,-91.20540287,2020-07-27,46,0
6043.0,Mariposa,California,37.57978556,-119.9073334,2020-07-27,46,2
51037.0,Charlotte,Virginia,37.01909701,-78.66314092,2020-07-27,46,0
8121.0,Washington,Colorado,39.97015535,-103.202587,2020-07-27,46,0
20081.0,Haskell,Kansas,37.5620394,-100.8710738,2020-07-27,46,0
48425.0,Somervell,Texas,32.22236802,-97.77403489,2020-07-27,46,0
15007.0,Kauai,Hawaii,22.03935037,-159.5966786,2020-07-27,45,0
23007.0,Franklin,Maine,44.97330019,-70.44381045,2020-07-27,45,1
20131.0,Nemaha,Kansas,39.78345387,-96.01392079,2020-07-27,45,0
56043.0,Washakie,Wyoming,43.90451606,-107.68018700000002,2020-07-27,45,0
31035.0,Clay,Nebraska,40.52439441,-98.05126296,2020-07-27,45,0
72095.0,Maunabo,Puerto Rico,18.017889,-65.922235,2020-07-27,45,0
16041.0,Franklin,Idaho,42.18332217,-111.8149666,2020-07-27,45,0
51530.0,Buena Vista,Virginia,37.73484642,-79.35296097,2020-07-27,45,0
51036.0,Charles City,Virginia,37.35358063,-77.05634116,2020-07-27,45,3
21069.0,Fleming,Kentucky,38.36758311,-83.69657514,2020-07-27,45,0
13249.0,Schley,Georgia,32.2654021,-84.31258912,2020-07-27,45,1
21221.0,Trigg,Kentucky,36.80767017,-87.87333656,2020-07-27,45,0
48337.0,Montague,Texas,33.67521893,-97.72500958,2020-07-27,45,1
26143.0,Roscommon,Michigan,44.33473082,-84.61067651,2020-07-27,45,0
29081.0,Harrison,Missouri,40.35570088,-93.99222144,2020-07-27,44,1
48275.0,Knox,Texas,33.60519951,-99.7422906,2020-07-27,44,0
5141.0,Van Buren,Arkansas,35.58095779,-92.51295036,2020-07-27,44,2
20147.0,Phillips,Kansas,39.78465501,-99.34668865,2020-07-27,44,7
39053.0,Gallia,Ohio,38.82708533,-82.31647569,2020-07-27,44,1
39001.0,Adams,Ohio,38.84541072,-83.4718964,2020-07-27,44,2
31121.0,Merrick,Nebraska,41.16624273,-98.0374887,2020-07-27,44,0
32001.0,Churchill,Nevada,39.58105744,-118.3394607,2020-07-27,44,1
5105.0,Perry,Arkansas,34.9459153,-92.94372564,2020-07-27,44,0
36033.0,Franklin,New York,44.59040891,-74.29926032,2020-07-27,44,0
27021.0,Cass,Minnesota,46.95043611,-94.32603968,2020-07-27,43,2
46125.0,Turner,South Dakota,43.3109081,-97.14865776,2020-07-27,43,0
20043.0,Doniphan,Kansas,39.79067154,-95.14056866,2020-07-27,43,0
21027.0,Breckinridge,Kentucky,37.77377239,-86.42885017,2020-07-27,43,2
16085.0,Valley,Idaho,44.76728382,-115.5676773,2020-07-27,43,1
17051.0,Fayette,Illinois,39.00072038,-89.02452658,2020-07-27,43,3
5137.0,Stone,Arkansas,35.86251946,-92.15684085,2020-07-27,43,1
54023.0,Grant,West Virginia,39.10314817,-79.19440518,2020-07-27,43,0
72083.0,Las Marias,Puerto Rico,18.23679,-66.98362,2020-07-27,43,0
23023.0,Sagadahoc,Maine,43.95415864,-69.85074999,2020-07-27,43,0
24023.0,Garrett,Maryland,39.52786077,-79.27355126,2020-07-27,43,0
26061.0,Houghton,Michigan,46.89988536,-88.68495385,2020-07-27,43,0
56033.0,Sheridan,Wyoming,44.79048913,-106.8862389,2020-07-27,43,0
8063.0,Kit Carson,Colorado,39.30497777,-102.6022199,2020-07-27,42,3
21091.0,Hancock,Kentucky,37.83766422,-86.78280584,2020-07-27,42,0
50015.0,Lamoille,Vermont,44.60353043,-72.64356694,2020-07-27,42,1
21033.0,Caldwell,Kentucky,37.14749129,-87.86948214,2020-07-27,42,0
48317.0,Martin,Texas,32.30600051,-101.9513518,2020-07-27,42,2
20189.0,Stevens,Kansas,37.1923008,-101.3118967,2020-07-27,42,0
21123.0,Larue,Kentucky,37.54567114,-85.70138352,2020-07-27,42,1
26043.0,Dickinson,Michigan,46.00999672,-87.86961634,2020-07-27,42,2
40107.0,Okfuskee,Oklahoma,35.46485198,-96.32639984,2020-07-27,42,0
16009.0,Benewah,Idaho,47.21754179,-116.6586851,2020-07-27,42,0
27173.0,Yellow Medicine,Minnesota,44.71710183,-95.86842453,2020-07-27,42,0
2290.0,Yukon-Koyukuk,Alaska,65.50815459,-151.3907387,2020-07-27,42,1
31041.0,Custer,Nebraska,41.39374521,-99.72805369,2020-07-27,42,4
47083.0,Houston,Tennessee,36.28872054,-87.71878828,2020-07-27,42,0
54103.0,Wetzel,West Virginia,39.6065771,-80.64016540000001,2020-07-27,41,0
27051.0,Grant,Minnesota,45.93424769,-96.01139609,2020-07-27,41,1
40077.0,Latimer,Oklahoma,34.87844729,-95.25215049,2020-07-27,41,1
30083.0,Richland,Montana,47.78668011,-104.5610786,2020-07-27,41,0
26011.0,Arenac,Michigan,44.0636262,-83.89277559,2020-07-27,41,2
26029.0,Charlevoix,Michigan,45.37790017,-85.19614053,2020-07-27,41,2
27135.0,Roseau,Minnesota,48.77501878,-95.81079919,2020-07-27,41,0
2261.0,Valdez-Cordova,Alaska,61.47502768,-144.7126799,2020-07-27,41,0
54053.0,Mason,West Virginia,38.77071799,-82.02524219,2020-07-27,41,1
55119.0,Taylor,Wisconsin,45.21179252,-90.5004405,2020-07-27,41,0
48335.0,Mitchell,Texas,32.30623474,-100.9212058,2020-07-27,41,0
29203.0,Shannon,Missouri,37.15772072,-91.40190382,2020-07-27,41,0
21075.0,Fulton,Kentucky,36.55238827,-89.20140068,2020-07-27,41,1
20025.0,Clark,Kansas,37.23577007,-99.81883015,2020-07-27,41,1
29121.0,Macon,Missouri,39.83049768,-92.56453089,2020-07-27,41,0
51520.0,Bristol,Virginia,36.6163024,-82.16359122,2020-07-27,41,0
20197.0,Wabaunsee,Kansas,38.95471985,-96.20350509,2020-07-27,40,0
20115.0,Marion,Kansas,38.35855394,-97.0985251,2020-07-27,40,1
54091.0,Taylor,West Virginia,39.33602617,-80.0421439,2020-07-27,40,0
30067.0,Park,Montana,45.48965095,-110.52643940000002,2020-07-27,40,0
8093.0,Park,Colorado,39.120926,-105.7182065,2020-07-27,40,1
29059.0,Dallas,Missouri,37.6811355,-93.02127031,2020-07-27,40,1
55053.0,Jackson,Wisconsin,44.31864893,-90.80566792,2020-07-27,40,1
29186.0,Ste. Genevieve,Missouri,37.89090059,-90.1949941,2020-07-27,40,1
54075.0,Pocahontas,West Virginia,38.32758728,-80.00993811,2020-07-27,40,0
17005.0,Bond,Illinois,38.88829622,-89.43534887,2020-07-27,40,2
17173.0,Shelby,Illinois,39.39133527,-88.80611122,2020-07-27,40,1
18025.0,Crawford,Indiana,38.28814402,-86.44518825,2020-07-27,40,0
19117.0,Lucas,Iowa,41.02958964,-93.32780803,2020-07-27,40,4
6027.0,Inyo,California,36.51112084,-117.41119779999998,2020-07-27,40,1
17129.0,Menard,Illinois,40.02742725,-89.80246001,2020-07-27,40,0
51169.0,Scott,Virginia,36.71466456,-82.60171704,2020-07-27,40,3
26113.0,Missaukee,Michigan,44.33772443,-85.09256478,2020-07-27,40,1
17125.0,Mason,Illinois,40.23917274,-89.91824452,2020-07-27,40,0
20041.0,Dickinson,Kansas,38.86600962,-97.15532383,2020-07-27,39,1
55091.0,Pepin,Wisconsin,44.58307413,-91.99949611,2020-07-27,39,0
35047.0,San Miguel,New Mexico,35.48014807,-104.8163562,2020-07-27,39,0
48133.0,Eastland,Texas,32.32743996,-98.83243566,2020-07-27,39,1
18101.0,Martin,Indiana,38.7099921,-86.80373186,2020-07-27,39,0
42047.0,Elk,Pennsylvania,41.42822061,-78.64524744,2020-07-27,39,2
46073.0,Jerauld,South Dakota,44.06637798,-98.62965972,2020-07-27,39,1
31131.0,Otoe,Nebraska,40.64843556,-96.13374142,2020-07-27,39,0
17035.0,Cumberland,Illinois,39.27432424,-88.2401158,2020-07-27,39,2
72093.0,Maricao,Puerto Rico,18.171795,-66.942126,2020-07-27,39,0
30041.0,Hill,Montana,48.62879827,-110.1129252,2020-07-27,39,0
29089.0,Howard,Missouri,39.1435761,-92.69756691,2020-07-27,39,0
51157.0,Rappahannock,Virginia,38.68295619,-78.15826963,2020-07-27,39,2
30093.0,Silver Bow,Montana,45.90018933,-112.6620092,2020-07-27,39,0
8049.0,Grand,Colorado,40.10603347,-106.1178042,2020-07-27,39,1
29117.0,Livingston,Missouri,39.78110272,-93.54645978,2020-07-27,39,0
21149.0,McLean,Kentucky,37.5301951,-87.26803443,2020-07-27,38,1
18121.0,Parke,Indiana,39.77202286,-87.20375833,2020-07-27,38,0
46015.0,Brule,South Dakota,43.71756379,-99.08118954,2020-07-27,38,0
48129.0,Donley,Texas,34.96517499,-100.8140093,2020-07-27,38,0
19137.0,Montgomery,Iowa,41.03018714,-95.15642896,2020-07-27,38,2
33019.0,Sullivan,New Hampshire,43.36094111,-72.22203125,2020-07-27,38,1
18155.0,Switzerland,Indiana,38.82767338,-85.03022429,2020-07-27,38,0
8089.0,Otero,Colorado,37.9014485,-103.7173385,2020-07-27,38,3
48059.0,Callahan,Texas,32.29760619,-99.37326312,2020-07-27,38,3
48319.0,Mason,Texas,30.71780434,-99.22629416,2020-07-27,38,0
21197.0,Powell,Kentucky,37.83218794,-83.82553961,2020-07-27,38,0
37073.0,Gates,North Carolina,36.44667547,-76.69749701,2020-07-27,37,2
48403.0,Sabine,Texas,31.34318809,-93.85440451,2020-07-27,37,5
17101.0,Lawrence,Illinois,38.71987914,-87.72884035,2020-07-27,37,0
29181.0,Ripley,Missouri,36.65460667,-90.85990261,2020-07-27,37,0
48379.0,Rains,Texas,32.87109387,-95.79232691,2020-07-27,37,2
21133.0,Letcher,Kentucky,37.12306748,-82.85346474,2020-07-27,37,0
47127.0,Moore,Tennessee,35.27724699,-86.36230578,2020-07-27,37,0
19029.0,Cass,Iowa,41.33149454,-94.92792482,2020-07-27,37,0
17053.0,Ford,Illinois,40.59706922,-88.22350769,2020-07-27,37,1
17059.0,Gallatin,Illinois,37.76430935,-88.22953869,2020-07-27,37,0
26051.0,Gladwin,Michigan,43.98901072,-84.38774817,2020-07-27,37,2
16043.0,Fremont,Idaho,44.22800938,-111.4809943,2020-07-27,37,0
21167.0,Mercer,Kentucky,37.81474237,-84.87488475,2020-07-27,37,0
40009.0,Beckham,Oklahoma,35.26862449,-99.68128023,2020-07-27,37,0
19073.0,Greene,Iowa,42.03614551,-94.39658081,2020-07-27,37,0
46003.0,Aurora,South Dakota,43.71757685,-98.56050467,2020-07-27,37,0
37095.0,Hyde,North Carolina,35.42017674,-76.15180542,2020-07-27,36,0
20075.0,Hamilton,Kansas,37.99978709,-101.7921066,2020-07-27,36,0
18115.0,Ohio,Indiana,38.955305,-84.96515993,2020-07-27,36,3
38097.0,Traill,North Dakota,47.45367788,-97.16323288,2020-07-27,36,0
20119.0,Meade,Kansas,37.23859987,-100.364831,2020-07-27,36,0
55011.0,Buffalo,Wisconsin,44.37835084,-91.75332578,2020-07-27,36,2
19007.0,Appanoose,Iowa,40.74324454,-92.86865906,2020-07-27,36,3
53051.0,Pend Oreille,Washington,48.53234021,-117.2741804,2020-07-27,36,0
40069.0,Johnston,Oklahoma,34.31440473,-96.66011537,2020-07-27,36,0
54097.0,Upshur,West Virginia,38.89285061,-80.23689136,2020-07-27,36,0
13307.0,Webster,Georgia,32.04066113,-84.54742852,2020-07-27,36,2
26009.0,Antrim,Michigan,44.99690221,-85.15503082,2020-07-27,35,0
17147.0,Piatt,Illinois,40.01360584,-88.59319339,2020-07-27,35,0
17003.0,Alexander,Illinois,37.18049267,-89.32910838,2020-07-27,35,0
48421.0,Sherman,Texas,36.27751473,-101.8933156,2020-07-27,35,0
51181.0,Surry,Virginia,37.11781893,-76.88450012,2020-07-27,35,1
31179.0,Wayne,Nebraska,42.20934475,-97.11926964,2020-07-27,35,0
48487.0,Wilbarger,Texas,34.07945812,-99.24178437,2020-07-27,35,1
48377.0,Presidio,Texas,29.99954402,-104.2408079,2020-07-27,35,0
27121.0,Pope,Minnesota,45.58606667,-95.44451209,2020-07-27,35,0
29055.0,Crawford,Missouri,37.97663738,-91.30528104,2020-07-27,35,0
40007.0,Beaver,Oklahoma,36.7496847,-100.4758872,2020-07-27,35,0
17015.0,Carroll,Illinois,42.06823429,-89.93395545,2020-07-27,35,2
27055.0,Houston,Minnesota,43.67129565,-91.49143057,2020-07-27,34,0
42117.0,Tioga,Pennsylvania,41.77255149,-77.25433032,2020-07-27,34,2
48211.0,Hemphill,Texas,35.83764858,-100.2703577,2020-07-27,34,0
48307.0,McCulloch,Texas,31.1925468,-99.34682807,2020-07-27,34,0
5065.0,Izard,Arkansas,36.09604046,-91.90847954,2020-07-27,34,1
20139.0,Osage,Kansas,38.65235984,-95.72707998,2020-07-27,34,0
23025.0,Somerset,Maine,45.51229767,-69.95995554,2020-07-27,34,1
26031.0,Cheboygan,Michigan,45.44787015,-84.50122149,2020-07-27,34,2
36049.0,Lewis,New York,43.7844157,-75.44903992,2020-07-27,34,0
51097.0,King and Queen,Virginia,37.71044922,-76.88689628,2020-07-27,34,1
47101.0,Lewis,Tennessee,35.52853208,-87.49022694,2020-07-27,34,1
48413.0,Schleicher,Texas,30.89740592,-100.5384842,2020-07-27,33,1
51735.0,Poquoson,Virginia,37.14259351,-76.35798148,2020-07-27,33,0
72147.0,Vieques,Puerto Rico,18.123276,-65.44097099999999,2020-07-27,33,0
56003.0,Big Horn,Wyoming,44.52405055,-107.9960365,2020-07-27,33,0
23015.0,Lincoln,Maine,44.05996956,-69.54227124,2020-07-27,33,0
2130.0,Ketchikan Gateway,Alaska,55.57445008,-130.975561,2020-07-27,33,0
41013.0,Crook,Oregon,44.14230227,-120.356297,2020-07-27,33,1
16015.0,Boise,Idaho,43.98829931,-115.7309284,2020-07-27,33,0
51125.0,Nelson,Virginia,37.78790447,-78.88498513,2020-07-27,33,0
48081.0,Coke,Texas,31.88911733,-100.5297533,2020-07-27,32,1
31137.0,Phelps,Nebraska,40.51156033,-99.41461667,2020-07-27,32,0
20151.0,Pratt,Kansas,37.64780729,-98.73922153,2020-07-27,32,0
21119.0,Knott,Kentucky,37.35388197,-82.94981134,2020-07-27,32,0
21139.0,Livingston,Kentucky,37.21137452,-88.34797529,2020-07-27,32,1
29175.0,Randolph,Missouri,39.44007257,-92.4971374,2020-07-27,32,1
29013.0,Bates,Missouri,38.25271289,-94.34113157,2020-07-27,32,1
17191.0,Wayne,Illinois,38.42955355,-88.42586459,2020-07-27,32,1
21191.0,Pendleton,Kentucky,38.69607718,-84.35599463,2020-07-27,32,0
29151.0,Osage,Missouri,38.46036182,-91.8613635,2020-07-27,32,0
48483.0,Wheeler,Texas,35.40114335,-100.2699514,2020-07-27,31,0
23003.0,Aroostook,Maine,46.65926321,-68.59841248,2020-07-27,31,1
55067.0,Langlade,Wisconsin,45.26271619,-89.07483625,2020-07-27,31,1
17127.0,Massac,Illinois,37.22078441,-88.71036614,2020-07-27,31,0
41037.0,Lake,Oregon,42.79246693,-120.3850163,2020-07-27,31,0
21219.0,Todd,Kentucky,36.8381152,-87.17878374,2020-07-27,31,0
29039.0,Cedar,Missouri,37.72391475,-93.85445441,2020-07-27,31,0
26101.0,Manistee,Michigan,44.33352407,-86.05626916,2020-07-27,31,0
35037.0,Quay,New Mexico,35.10403332,-103.5481727,2020-07-27,31,1
5127.0,Scott,Arkansas,34.85588887,-94.0632176,2020-07-27,31,0
30101.0,Toole,Montana,48.65577551,-111.6942414,2020-07-27,31,6
48207.0,Haskell,Texas,33.17823584,-99.73037358,2020-07-27,30,0
56009.0,Converse,Wyoming,42.97272268,-105.5081848,2020-07-27,30,0
16077.0,Power,Idaho,42.69254894,-112.83957420000002,2020-07-27,30,0
20143.0,Ottawa,Kansas,39.13237408,-97.65020313,2020-07-27,30,0
38003.0,Barnes,North Dakota,46.93579637,-98.06605978,2020-07-27,30,0
17033.0,Crawford,Illinois,39.0032229,-87.75954624,2020-07-27,30,0
37115.0,Madison,North Carolina,35.85402722,-82.71346418,2020-07-27,30,0
26019.0,Benzie,Michigan,44.63899297,-86.01608482,2020-07-27,30,1
56035.0,Sublette,Wyoming,42.76558279,-109.9130922,2020-07-27,30,0
38071.0,Ramsey,North Dakota,48.26886249,-98.72223879,2020-07-27,30,1
53049.0,Pacific,Washington,46.55418369,-123.7285716,2020-07-27,30,1
21057.0,Cumberland,Kentucky,36.78926125,-85.39050034,2020-07-27,30,0
27127.0,Redwood,Minnesota,44.40555844,-95.25207021,2020-07-27,30,0
6063.0,Plumas,California,40.00355989,-120.8395236,2020-07-27,29,0
29139.0,Montgomery,Missouri,38.94022054,-91.47000721,2020-07-27,29,0
40061.0,Haskell,Oklahoma,35.22257600000001,-95.11513306,2020-07-27,29,0
21187.0,Owen,Kentucky,38.51679143,-84.82404619,2020-07-27,29,0
51063.0,Floyd,Virginia,36.9302126,-80.36738849,2020-07-27,29,1
21011.0,Bath,Kentucky,38.14735938,-83.74588932,2020-07-27,29,1
27107.0,Norman,Minnesota,47.32628443,-96.45620947,2020-07-27,29,0
38019.0,Cavalier,North Dakota,48.77286211,-98.46685243,2020-07-27,29,0
35019.0,Guadalupe,New Mexico,34.86319296,-104.790669,2020-07-27,29,0
40011.0,Blaine,Oklahoma,35.87518314,-98.43307003,2020-07-27,29,0
21135.0,Lewis,Kentucky,38.53184419,-83.37735618,2020-07-27,29,0
26033.0,Chippewa,Michigan,46.29552653,-84.54353449,2020-07-27,28,0
46101.0,Moody,South Dakota,44.02266214,-96.67081159,2020-07-27,28,0
21175.0,Morgan,Kentucky,37.92465657,-83.25558245,2020-07-27,28,0
16021.0,Boundary,Idaho,48.76684761,-116.4630179,2020-07-27,28,0
51103.0,Lancaster,Virginia,37.71889653,-76.46400482,2020-07-27,28,0
29115.0,Linn,Missouri,39.87001769,-93.10704106,2020-07-27,28,1
29025.0,Caldwell,Missouri,39.65620858,-93.98308093,2020-07-27,28,1
21143.0,Lyon,Kentucky,37.02080035,-88.07886257,2020-07-27,28,3
31107.0,Knox,Nebraska,42.63758421,-97.89178836,2020-07-27,28,0
53055.0,San Juan,Washington,48.60182783,-122.96745,2020-07-27,28,0
51678.0,Lexington,Virginia,37.78258621,-79.44262866,2020-07-27,28,0
20029.0,Cloud,Kansas,39.48028352,-97.64925343,2020-07-27,28,0
54071.0,Pendleton,West Virginia,38.68314479,-79.35084086,2020-07-27,28,1
21007.0,Ballard,Kentucky,37.05842757,-88.99427697,2020-07-27,28,0
8007.0,Archuleta,Colorado,37.19474156,-107.0476867,2020-07-27,28,0
29063.0,DeKalb,Missouri,39.89201062,-94.40476508,2020-07-27,28,1
54001.0,Barbour,West Virginia,39.1307219,-80.00350858,2020-07-27,28,1
40153.0,Woodward,Oklahoma,36.42316318,-99.26283045,2020-07-27,28,0
19093.0,Ida,Iowa,42.38696136,-95.51355387,2020-07-27,28,0
26001.0,Alcona,Michigan,44.6846864,-83.59507875,2020-07-27,27,1
40067.0,Jefferson,Oklahoma,34.11130184,-97.83182974,2020-07-27,27,0
17067.0,Hancock,Illinois,40.40423981,-91.16313899,2020-07-27,27,1
38067.0,Pembina,North Dakota,48.76623521,-97.5523809,2020-07-27,27,0
21147.0,McCreary,Kentucky,36.73874143,-84.48102924,2020-07-27,27,0
21127.0,Lawrence,Kentucky,38.07136018,-82.72882223,2020-07-27,27,0
21223.0,Trimble,Kentucky,38.61056487,-85.33775972,2020-07-27,27,0
20013.0,Brown,Kansas,39.82652589,-95.56421698,2020-07-27,27,0
21169.0,Metcalfe,Kentucky,36.99459295,-85.63123699,2020-07-27,27,2
21023.0,Bracken,Kentucky,38.69158994,-84.08532444,2020-07-27,27,0
20107.0,Linn,Kansas,38.21267844,-94.84254089,2020-07-27,27,0
19107.0,Keokuk,Iowa,41.33649833,-92.1785067,2020-07-27,27,1
18125.0,Pike,Indiana,38.40112197,-87.23574907,2020-07-27,26,0
35051.0,Sierra,New Mexico,33.13028233,-107.1925893,2020-07-27,26,0
20193.0,Thomas,Kansas,39.35107575,-101.0553705,2020-07-27,26,0
21159.0,Martin,Kentucky,37.79990579,-82.51247478,2020-07-27,26,0
20123.0,Mitchell,Kansas,39.39331582,-98.20906732,2020-07-27,26,0
30001.0,Beaverhead,Montana,45.13434354,-112.8984694,2020-07-27,26,0
46081.0,Lawrence,South Dakota,44.35919441,-103.7929428,2020-07-27,26,0
47175.0,Van Buren,Tennessee,35.69864497,-85.45221699,2020-07-27,26,0
8019.0,Clear Creek,Colorado,39.68864463,-105.6463118,2020-07-27,26,1
46049.0,Faulk,South Dakota,45.07082625,-99.14535601,2020-07-27,26,1
21115.0,Johnson,Kentucky,37.85106355,-82.8264322,2020-07-27,26,0
39163.0,Vinton,Ohio,39.25208988,-82.4831444,2020-07-27,26,2
38025.0,Dunn,North Dakota,47.35423935,-102.6160468,2020-07-27,26,0
42083.0,McKean,Pennsylvania,41.80938602,-78.56478358,2020-07-27,26,1
51750.0,Radford,Virginia,37.12222899,-80.56027320000003,2020-07-27,25,0
50005.0,Caledonia,Vermont,44.46548598,-72.10314651,2020-07-27,25,0
17039.0,De Witt,Illinois,40.17514519,-88.90959682,2020-07-27,25,0
31169.0,Thayer,Nebraska,40.17626377,-97.59504381,2020-07-27,25,0
13239.0,Quitman,Georgia,31.86728114,-85.01773177,2020-07-27,25,1
31167.0,Stanton,Nebraska,41.9169835,-97.19394708,2020-07-27,25,0
27089.0,Marshall,Minnesota,48.35825983,-96.37017407,2020-07-27,25,0
54041.0,Lewis,West Virginia,38.9947249,-80.49988181,2020-07-27,25,2
38055.0,McLean,North Dakota,47.60766714,-101.3182418,2020-07-27,25,0
40029.0,Coal,Oklahoma,34.58840127,-96.29798747,2020-07-27,25,0
38073.0,Ransom,North Dakota,46.45621782,-97.65742504,2020-07-27,25,0
17185.0,Wabash,Illinois,38.44272901,-87.84922065,2020-07-27,25,0
20003.0,Anderson,Kansas,38.21413251,-95.29272815,2020-07-27,25,0
23013.0,Knox,Maine,44.11486325,-69.10529169,2020-07-27,25,1
19009.0,Audubon,Iowa,41.6844628,-94.90581859,2020-07-27,25,1
20157.0,Republic,Kansas,39.82799632,-97.65036709,2020-07-27,25,0
48077.0,Clay,Texas,33.78686685,-98.20771198,2020-07-27,25,1
55113.0,Sawyer,Wisconsin,45.87931905,-91.14504927,2020-07-27,25,0
27001.0,Aitkin,Minnesota,46.60962049,-93.4116826,2020-07-27,25,0
16049.0,Idaho,Idaho,45.84721541,-115.4634436,2020-07-27,25,0
29111.0,Lewis,Missouri,40.09673161,-91.72070156,2020-07-27,25,1
54065.0,Morgan,West Virginia,39.55439028,-78.26311676,2020-07-27,25,0
18161.0,Union,Indiana,39.62550777,-84.92497066,2020-07-27,24,0
19177.0,Van Buren,Iowa,40.75326764,-91.95017958,2020-07-27,24,1
48237.0,Jack,Texas,33.23377248,-98.17283469,2020-07-27,24,0
21087.0,Green,Kentucky,37.26484328,-85.5540745,2020-07-27,24,1
17057.0,Fulton,Illinois,40.47289135,-90.20862357,2020-07-27,24,0
41057.0,Tillamook,Oregon,45.46248721,-123.712066,2020-07-27,24,0
54067.0,Nicholas,West Virginia,38.29617706,-80.79759588,2020-07-27,24,1
40075.0,Kiowa,Oklahoma,34.91671958,-98.97720696,2020-07-27,24,1
27167.0,Wilkin,Minnesota,46.35721532,-96.4684375,2020-07-27,24,3
29079.0,Grundy,Missouri,40.11406587,-93.56509276,2020-07-27,24,1
46031.0,Corson,South Dakota,45.70889983,-101.1970473,2020-07-27,24,0
17045.0,Edgar,Illinois,39.6809186,-87.74759563,2020-07-27,24,0
21165.0,Menifee,Kentucky,37.94090733,-83.59985712,2020-07-27,24,0
46067.0,Hutchinson,South Dakota,43.33449012,-97.75536441,2020-07-27,24,0
5049.0,Fulton,Arkansas,36.38177105,-91.81729127,2020-07-27,23,0
19071.0,Fremont,Iowa,40.74542720000001,-95.60129045,2020-07-27,23,0
46095.0,Mellette,South Dakota,43.58078848,-100.7563186,2020-07-27,23,0
27065.0,Kanabec,Minnesota,45.9459309,-93.29275192,2020-07-27,23,1
46087.0,McCook,South Dakota,43.6742571,-97.36863144,2020-07-27,23,1
48151.0,Fisher,Texas,32.74281316,-100.4019302,2020-07-27,23,1
35059.0,Union,New Mexico,36.48126404,-103.4709624,2020-07-27,23,0
5129.0,Searcy,Arkansas,35.9109364,-92.69936482,2020-07-27,23,0
80015.0,Out of HI,Hawaii,0.0,0.0,2020-07-27,23,0
39105.0,Meigs,Ohio,39.09224872,-82.0305041,2020-07-27,23,0
48429.0,Stephens,Texas,32.73553157,-98.83631615,2020-07-27,23,2
31033.0,Cheyenne,Nebraska,41.21999357,-102.9941693,2020-07-27,23,0
26135.0,Oscoda,Michigan,44.68192279,-84.12939244,2020-07-27,23,1
8081.0,Moffat,Colorado,40.61810999,-108.2070876,2020-07-27,23,1
21055.0,Crittenden,Kentucky,37.35839237,-88.08826090000002,2020-07-27,23,1
41001.0,Baker,Oregon,44.70915557,-117.6749883,2020-07-27,22,0
5097.0,Montgomery,Arkansas,34.53704874,-93.65824478,2020-07-27,22,0
8023.0,Costilla,Colorado,37.27732493,-105.4276548,2020-07-27,22,0
20171.0,Scott,Kansas,38.48222076,-100.9066539,2020-07-27,22,0
55125.0,Vilas,Wisconsin,46.05467334,-89.51719204,2020-07-27,22,0
18165.0,Vermillion,Indiana,39.8523352,-87.46160542,2020-07-27,22,0
56019.0,Johnson,Wyoming,44.04057166,-106.5845174,2020-07-27,22,1
48137.0,Edwards,Texas,29.98202582,-100.304252,2020-07-27,22,0
48095.0,Concho,Texas,31.32635934,-99.86473038,2020-07-27,22,1
51119.0,Middlesex,Virginia,37.63191998,-76.55064617,2020-07-27,22,1
40093.0,Major,Oklahoma,36.31149996,-98.53467076,2020-07-27,22,1
20137.0,Norton,Kansas,39.78443827,-99.90286639,2020-07-27,22,0
53003.0,Asotin,Washington,46.18894415,-117.2022851,2020-07-27,22,2
2220.0,Sitka,Alaska,57.24124555,-135.3206587,2020-07-27,21,0
31059.0,Fillmore,Nebraska,40.52458567,-97.59646937,2020-07-27,21,1
42057.0,Fulton,Pennsylvania,39.92913544,-78.11163677,2020-07-27,21,2
55103.0,Richland,Wisconsin,43.3762778,-90.43012729,2020-07-27,21,4
16029.0,Caribou,Idaho,42.77149116,-111.5597683,2020-07-27,21,0
20159.0,Rice,Kansas,38.34616184,-98.19992118,2020-07-27,21,0
29215.0,Texas,Missouri,37.31728859,-91.96564727,2020-07-27,21,0
46037.0,Day,South Dakota,45.367281,-97.60737498,2020-07-27,21,0
21131.0,Leslie,Kentucky,37.09246661,-83.37999606,2020-07-27,21,0
19159.0,Ringgold,Iowa,40.73518949,-94.24368535,2020-07-27,21,1
27011.0,Big Stone,Minnesota,45.42712824,-96.41403739,2020-07-27,21,0
8021.0,Conejos,Colorado,37.201606,-106.19174879999998,2020-07-27,21,0
48075.0,Childress,Texas,34.529304100000004,-100.2077916,2020-07-27,20,0
27057.0,Hubbard,Minnesota,47.10778564,-94.91693868,2020-07-27,20,0
36097.0,Schuyler,New York,42.39184015,-76.8773299,2020-07-27,20,0
27159.0,Wadena,Minnesota,46.58589171,-94.96968506,2020-07-27,20,0
31099.0,Kearney,Nebraska,40.50663314,-98.94877182,2020-07-27,20,0
31027.0,Cedar,Nebraska,42.5988851,-97.25311951,2020-07-27,20,0
21181.0,Nicholas,Kentucky,38.33342292,-84.01889177,2020-07-27,20,0
31143.0,Polk,Nebraska,41.18813488,-97.56630712,2020-07-27,20,0
51071.0,Giles,Virginia,37.31234791,-80.70636931,2020-07-27,20,0
21025.0,Breathitt,Kentucky,37.52333168,-83.31959161,2020-07-27,20,0
42105.0,Potter,Pennsylvania,41.74471626,-77.89559864,2020-07-27,20,0
46123.0,Tripp,South Dakota,43.34459388,-99.8854891,2020-07-27,20,0
19001.0,Adair,Iowa,41.33075609,-94.47105874,2020-07-27,20,0
8095.0,Phillips,Colorado,40.59414277,-102.3577703,2020-07-27,19,0
30087.0,Rosebud,Montana,46.23397237,-106.72928799999998,2020-07-27,19,1
48229.0,Hudspeth,Texas,31.45628381,-105.388178,2020-07-27,19,2
47137.0,Pickett,Tennessee,36.55606529,-85.07763299999998,2020-07-27,19,1
55099.0,Price,Wisconsin,45.68051754,-90.3609888,2020-07-27,19,0
13125.0,Glascock,Georgia,33.22879932,-82.61297636,2020-07-27,19,0
18171.0,Warren,Indiana,40.34728141,-87.35602659,2020-07-27,19,1
54063.0,Monroe,West Virginia,37.56274716,-80.54577965,2020-07-27,19,0
55007.0,Bayfield,Wisconsin,46.52868768,-91.19716729,2020-07-27,19,1
23009.0,Hancock,Maine,44.59816444,-68.38401854,2020-07-27,19,1
30043.0,Jefferson,Montana,46.14907081,-112.094396,2020-07-27,19,0
2188.0,Northwest Arctic,Alaska,67.04919196,-159.7503946,2020-07-27,19,0
48411.0,San Saba,Texas,31.1577796,-98.81758731,2020-07-27,19,0
38057.0,Mercer,North Dakota,47.31213126,-101.8318399,2020-07-27,19,0
46115.0,Spink,South Dakota,44.93837606,-98.34626602,2020-07-27,18,0
8079.0,Mineral,Colorado,37.66954283,-106.9281698,2020-07-27,18,0
2050.0,Bethel,Alaska,60.90980451,-159.8561831,2020-07-27,18,0
31139.0,Pierce,Nebraska,42.26434853,-97.60122773,2020-07-27,18,0
29061.0,Daviess,Missouri,39.96145298,-93.98519678,2020-07-27,18,0
38079.0,Rolette,North Dakota,48.77245354,-99.84097493,2020-07-27,18,0
5089.0,Marion,Arkansas,36.26844485,-92.68451899,2020-07-27,18,0
46129.0,Walworth,South Dakota,45.43019636,-100.0307514,2020-07-27,18,0
46051.0,Grant,South Dakota,45.1723937,-96.77002276,2020-07-27,18,0
41063.0,Wallowa,Oregon,45.57894064,-117.18353799999998,2020-07-27,18,1
28055.0,Issaquena,Mississippi,32.72531359,-90.97392828,2020-07-27,18,1
27087.0,Mahnomen,Minnesota,47.32557075,-95.80921485,2020-07-27,18,1
31003.0,Antelope,Nebraska,42.17695516,-98.0666283,2020-07-27,17,1
5147.0,Woodruff,Arkansas,35.18902527,-91.2439489,2020-07-27,17,0
19053.0,Decatur,Iowa,40.73742757,-93.78645949,2020-07-27,17,0
56017.0,Hot Springs,Wyoming,43.71930657,-108.4423174,2020-07-27,17,0
17061.0,Greene,Illinois,39.35907414,-90.388865,2020-07-27,17,0
35028.0,Los Alamos,New Mexico,35.86631386,-106.3134985,2020-07-27,17,0
54015.0,Clay,West Virginia,38.46231092,-81.07652217,2020-07-27,17,1
46061.0,Hanson,South Dakota,43.6746384,-97.78715148,2020-07-27,17,0
37075.0,Graham,North Carolina,35.3506925,-83.83369267,2020-07-27,17,0
40149.0,Washita,Oklahoma,35.29071824,-98.99180434,2020-07-27,17,0
17123.0,Marshall,Illinois,41.0327901,-89.34510444,2020-07-27,17,0
20027.0,Clay,Kansas,39.34948772,-97.16518128,2020-07-27,17,2
16003.0,Adams,Idaho,44.89333571,-116.4545247,2020-07-27,17,0
21039.0,Carlisle,Kentucky,36.85372876,-88.96692220000001,2020-07-27,17,1
31147.0,Richardson,Nebraska,40.1247415,-95.71755036,2020-07-27,17,1
2180.0,Nome,Alaska,64.90320724,-164.0353804,2020-07-27,17,0
29173.0,Ralls,Missouri,39.52817427,-91.51838643,2020-07-27,17,0
55078.0,Menominee,Wisconsin,45.00422544,-88.70950714,2020-07-27,17,0
21053.0,Clinton,Kentucky,36.72581156,-85.13377529,2020-07-27,16,0
26085.0,Lake,Michigan,43.99050893,-85.802173,2020-07-27,16,0
39121.0,Noble,Ohio,39.76818851,-81.45937183,2020-07-27,16,0
39067.0,Harrison,Ohio,40.29380509,-81.09068544,2020-07-27,16,1
33007.0,Coos,New Hampshire,44.69063265,-71.30633239,2020-07-27,16,0
20053.0,Ellsworth,Kansas,38.69677695,-98.20462799,2020-07-27,16,0
40033.0,Cotton,Oklahoma,34.28845626,-98.37053567,2020-07-27,16,2
21105.0,Hickman,Kentucky,36.67948079999999,-88.97875928,2020-07-27,16,0
46043.0,Douglas,South Dakota,43.38520741,-98.36978007,2020-07-27,16,0
39115.0,Morgan,Ohio,39.62081738,-81.85308173,2020-07-27,16,0
54109.0,Wyoming,West Virginia,37.612327,-81.54511071,2020-07-27,16,0
51051.0,Dickenson,Virginia,37.12560977,-82.35124171,2020-07-27,16,0
30095.0,Stillwater,Montana,45.67071407,-109.3950061,2020-07-27,16,0
48327.0,Menard,Texas,30.88990665,-99.8204794,2020-07-27,16,0
46025.0,Clark,South Dakota,44.85834507,-97.72925109,2020-07-27,16,0
17069.0,Hardin,Illinois,37.51810645,-88.26873022,2020-07-27,16,0
48417.0,Shackelford,Texas,32.73587756,-99.35401337,2020-07-27,16,0
31021.0,Burt,Nebraska,41.85056773,-96.32605633,2020-07-27,16,0
20187.0,Stanton,Kansas,37.56304714,-101.7843534,2020-07-27,16,0
29123.0,Madison,Missouri,37.47865134,-90.3467143,2020-07-27,16,0
26097.0,Mackinac,Michigan,46.07028979,-85.04980537,2020-07-27,16,0
48009.0,Archer,Texas,33.61569967,-98.68754589,2020-07-27,15,0
27029.0,Clearwater,Minnesota,47.57992111,-95.37790562,2020-07-27,15,0
50017.0,Orange,Vermont,44.00470222,-72.37640104,2020-07-27,15,0
48295.0,Lipscomb,Texas,36.27783108,-100.2733151,2020-07-27,15,0
27149.0,Stevens,Minnesota,45.58613007,-96.00163705,2020-07-27,15,0
54047.0,McDowell,West Virginia,37.38002939,-81.65083669,2020-07-27,15,0
30099.0,Teton,Montana,47.83741052,-112.2410688,2020-07-27,15,0
31105.0,Kimball,Nebraska,41.19774275,-103.7148131,2020-07-27,15,0
31101.0,Keith,Nebraska,41.19930341,-101.6620164,2020-07-27,15,0
38051.0,McIntosh,North Dakota,46.11182017,-99.44145858,2020-07-27,15,1
55003.0,Ashland,Wisconsin,46.31956891,-90.67837132,2020-07-27,15,0
29185.0,St. Clair,Missouri,38.03699437,-93.77631447,2020-07-27,15,0
26141.0,Presque Isle,Michigan,45.34018577,-83.91498656,2020-07-27,14,1
48109.0,Culberson,Texas,31.44506775,-104.5185739,2020-07-27,14,2
46047.0,Fall River,South Dakota,43.23929297,-103.5275691,2020-07-27,14,0
38029.0,Emmons,North Dakota,46.28398398,-100.2389766,2020-07-27,14,1
38045.0,LaMoure,North Dakota,46.45681054,-98.53542355,2020-07-27,14,0
50019.0,Orleans,Vermont,44.82964024,-72.24562697,2020-07-27,14,0
72049.0,Culebra,Puerto Rico,18.31586,-65.28813000000001,2020-07-27,14,0
17169.0,Schuyler,Illinois,40.1571798,-90.61114163,2020-07-27,14,0
27075.0,Lake,Minnesota,47.64270764,-91.44557998,2020-07-27,14,0
21153.0,Magoffin,Kentucky,37.70820545,-83.0657714,2020-07-27,14,0
19185.0,Wayne,Iowa,40.73969028,-93.32752197,2020-07-27,14,1
20065.0,Graham,Kansas,39.34987223,-99.88332493,2020-07-27,14,0
54087.0,Roane,West Virginia,38.71622686,-81.35243568,2020-07-27,14,1
30023.0,Deer Lodge,Montana,46.05953325,-113.073353,2020-07-27,14,0
46117.0,Stanley,South Dakota,44.41381872,-100.7349153,2020-07-27,14,0
48333.0,Mills,Texas,31.49557106,-98.59272068,2020-07-27,14,0
51045.0,Craig,Virginia,37.48133648,-80.21072274,2020-07-27,14,0
46057.0,Hamlin,South Dakota,44.67385954,-97.18829593,2020-07-27,14,0
20163.0,Rooks,Kansas,39.35022773,-99.32484567,2020-07-27,14,0
20073.0,Greenwood,Kansas,37.8774388,-96.23250453,2020-07-27,14,0
16035.0,Clearwater,Idaho,46.67459924,-115.6622393,2020-07-27,14,0
8009.0,Baca,Colorado,37.31940883,-102.5603223,2020-07-27,14,0
42123.0,Warren,Pennsylvania,41.81304978,-79.26969577,2020-07-27,14,1
29041.0,Chariton,Missouri,39.51499357,-92.9629191,2020-07-27,14,0
48271.0,Kinney,Texas,29.34967888,-100.4186638,2020-07-27,14,0
54021.0,Gilmer,West Virginia,38.9251277,-80.85952723,2020-07-27,14,0
8047.0,Gilpin,Colorado,39.85646523,-105.5252597,2020-07-27,13,0
31145.0,Red Willow,Nebraska,40.17556879999999,-100.476998,2020-07-27,13,0
31065.0,Furnas,Nebraska,40.17642064,-99.91247454,2020-07-27,13,1
26071.0,Iron,Michigan,46.20974132,-88.53136251,2020-07-27,13,1
38103.0,Wells,North Dakota,47.58614526,-99.65904998,2020-07-27,13,0
19003.0,Adams,Iowa,41.02903567,-94.69932645,2020-07-27,13,0
8071.0,Las Animas,Colorado,37.3153406,-104.0376458,2020-07-27,13,0
55107.0,Rusk,Wisconsin,45.47498854,-91.1333012,2020-07-27,13,1
50013.0,Grand Isle,Vermont,44.7975824,-73.29679772,2020-07-27,13,0
17065.0,Hamilton,Illinois,38.08163641,-88.53883373,2020-07-27,13,0
2240.0,Southeast Fairbanks,Alaska,63.87692095,-143.2127643,2020-07-27,13,0
40151.0,Woods,Oklahoma,36.76705782,-98.86573064,2020-07-27,13,0
41015.0,Curry,Oregon,42.45911325,-124.157282,2020-07-27,13,0
35007.0,Colfax,New Mexico,36.60569702,-104.64726740000002,2020-07-27,13,1
29005.0,Atchison,Missouri,40.43238737,-95.42970639,2020-07-27,13,0
32027.0,Pershing,Nevada,40.44003782,-118.40056409999998,2020-07-27,13,0
46111.0,Sanborn,South Dakota,44.02351092,-98.0909816,2020-07-27,13,0
38039.0,Griggs,North Dakota,47.45785838,-98.23850925,2020-07-27,13,0
48267.0,Kimble,Texas,30.48678918,-99.74856473,2020-07-27,13,0
48461.0,Upton,Texas,31.36868194,-102.0423217,2020-07-27,13,1
38013.0,Burke,North Dakota,48.79094471,-102.5182117,2020-07-27,13,0
31073.0,Gosper,Nebraska,40.51481965,-99.83020279,2020-07-27,13,0
46009.0,Bon Homme,South Dakota,42.98914167,-97.88592746,2020-07-27,13,0
29073.0,Gasconade,Missouri,38.43947277,-91.50847147,2020-07-27,13,0
30033.0,Garfield,Montana,47.27545948,-107.0002351,2020-07-27,12,0
48359.0,Oldham,Texas,35.40425596,-102.6027606,2020-07-27,12,1
17159.0,Richland,Illinois,38.71240969,-88.08475366,2020-07-27,12,0
53013.0,Columbia,Washington,46.29442881,-117.9051983,2020-07-27,12,0
29149.0,Oregon,Missouri,36.68710164,-91.4033755,2020-07-27,12,0
8091.0,Ouray,Colorado,38.14717457,-107.7675136,2020-07-27,12,1
31095.0,Jefferson,Nebraska,40.17584531,-97.142601,2020-07-27,12,0
48119.0,Delta,Texas,33.38570922,-95.66921122,2020-07-27,12,0
29179.0,Reynolds,Missouri,37.36085952,-90.97009925,2020-07-27,12,0
29223.0,Wayne,Missouri,37.11303869,-90.46001416,2020-07-27,12,0
38027.0,Eddy,North Dakota,47.71701474,-98.90432337,2020-07-27,12,0
55129.0,Washburn,Wisconsin,45.89838588,-91.79050449,2020-07-27,12,0
46097.0,Miner,South Dakota,44.02197882,-97.60992207,2020-07-27,12,0
38049.0,McHenry,North Dakota,48.23104458,-100.6324822,2020-07-27,12,1
20001.0,Allen,Kansas,37.88582951,-95.30030847,2020-07-27,12,0
17009.0,Brown,Illinois,39.96209138,-90.75068024,2020-07-27,12,0
46077.0,Kingsbury,South Dakota,44.36956169,-97.4913945,2020-07-27,11,0
8115.0,Sedgwick,Colorado,40.87595412,-102.3519227,2020-07-27,11,0
2185.0,North Slope,Alaska,69.31479216,-153.4836093,2020-07-27,11,0
29205.0,Shelby,Missouri,39.79742518,-92.07634971,2020-07-27,11,0
29199.0,Scotland,Missouri,40.45214695,-92.14709064,2020-07-27,11,1
32021.0,Mineral,Nevada,38.53841696,-118.4344506,2020-07-27,11,0
55013.0,Burnett,Wisconsin,45.86303537,-92.36711412,2020-07-27,11,1
17149.0,Pike,Illinois,39.62265059,-90.8877017,2020-07-27,11,0
54095.0,Tyler,West Virginia,39.46811972,-80.88772676,2020-07-27,11,0
48079.0,Cochran,Texas,33.60425307,-102.8284499,2020-07-27,11,0
31127.0,Nemaha,Nebraska,40.38514847,-95.85433992,2020-07-27,11,0
48197.0,Hardeman,Texas,34.28944521,-99.74632408,2020-07-27,11,0
51115.0,Mathews,Virginia,37.44164146,-76.34098896,2020-07-27,11,0
20083.0,Hodgeman,Kansas,38.08780079,-99.89829881,2020-07-27,11,0
56015.0,Goshen,Wyoming,42.08798185,-104.3534743,2020-07-27,11,0
29125.0,Maries,Missouri,38.16193985,-91.92249662,2020-07-27,11,0
46033.0,Custer,South Dakota,43.67741105,-103.4534521,2020-07-27,11,0
31097.0,Johnson,Nebraska,40.39257596,-96.26522753,2020-07-27,11,0
20207.0,Woodson,Kansas,37.8865336,-95.74006277,2020-07-27,11,0
32033.0,White Pine,Nevada,39.44157041,-114.899966,2020-07-27,11,1
21065.0,Estill,Kentucky,37.69241417,-83.95956369,2020-07-27,10,0
30007.0,Broadwater,Montana,46.33277565,-111.4955813,2020-07-27,10,0
31135.0,Perkins,Nebraska,40.85082525,-101.6502942,2020-07-27,10,0
51720.0,Norton,Virginia,36.93357076,-82.62750411,2020-07-27,10,0
38091.0,Steele,North Dakota,47.45611548,-97.72728747,2020-07-27,10,0
42113.0,Sullivan,Pennsylvania,41.44634738,-76.51246591,2020-07-27,10,0
30021.0,Dawson,Montana,47.26584855,-104.89444170000002,2020-07-27,10,0
29057.0,Dade,Missouri,37.431814,-93.8503345,2020-07-27,10,0
17025.0,Clay,Illinois,38.75388572,-88.48914513,2020-07-27,10,0
20047.0,Edwards,Kansas,37.88735543,-99.31263309,2020-07-27,10,0
38043.0,Kidder,North Dakota,46.97830064,-99.77507857,2020-07-27,10,0
51580.0,Covington,Virginia,37.7824656,-79.98631446,2020-07-27,10,0
48065.0,Carson,Texas,35.40365929,-101.3542669,2020-07-27,10,0
46045.0,Edmunds,South Dakota,45.41846445,-99.21545423,2020-07-27,10,0
31181.0,Webster,Nebraska,40.17642643,-98.50019851,2020-07-27,10,0
8027.0,Custer,Colorado,38.10883162,-105.3683478,2020-07-27,10,0
30085.0,Roosevelt,Montana,48.29607488,-105.0079268,2020-07-27,10,0
90022.0,Unassigned,Louisiana,0.0,0.0,2020-07-27,10,1
38031.0,Foster,North Dakota,47.4571084,-98.88279923,2020-07-27,10,0
48045.0,Briscoe,Texas,34.53026962,-101.2084947,2020-07-27,10,1
31013.0,Box Butte,Nebraska,42.22079243,-103.0878834,2020-07-27,10,0
53019.0,Ferry,Washington,48.471143100000006,-118.5154041,2020-07-27,10,0
27125.0,Red Lake,Minnesota,47.87197525,-96.09561104,2020-07-27,10,0
29035.0,Carter,Missouri,36.94160441,-90.96051322,2020-07-27,10,1
38021.0,Dickey,North Dakota,46.11017712,-98.5049008,2020-07-27,9,0
56011.0,Crook,Wyoming,44.58855102,-104.5697705,2020-07-27,9,0
53043.0,Lincoln,Washington,47.57705241,-118.4194388,2020-07-27,9,0
48083.0,Coleman,Texas,31.76736834,-99.45240766,2020-07-27,9,0
17071.0,Henderson,Illinois,40.81908672,-90.92491462,2020-07-27,9,0
29197.0,Schuyler,Missouri,40.46921489,-92.52311943,2020-07-27,9,0
27155.0,Traverse,Minnesota,45.77298854,-96.47062949,2020-07-27,9,0
29093.0,Iron,Missouri,37.55487945,-90.7735296,2020-07-27,9,0
29065.0,Dent,Missouri,37.60663134,-91.50790473,2020-07-27,9,0
31175.0,Valley,Nebraska,41.56730777,-98.98197724,2020-07-27,9,0
29137.0,Monroe,Missouri,39.49593978,-92.00043978,2020-07-27,9,0
31061.0,Franklin,Nebraska,40.17636348,-98.95299073,2020-07-27,9,0
20167.0,Russell,Kansas,38.91462787,-98.76254297,2020-07-27,9,0
38075.0,Renville,North Dakota,48.71982533,-101.6603912,2020-07-27,9,0
20181.0,Sherman,Kansas,39.35147699,-101.7197624,2020-07-27,9,0
38009.0,Bottineau,North Dakota,48.79106111,-100.8378166,2020-07-27,9,0
31161.0,Sheridan,Nebraska,42.50284406,-102.4126613,2020-07-27,9,0
5013.0,Calhoun,Arkansas,33.55598792,-92.49974403,2020-07-27,9,0
20129.0,Morton,Kansas,37.19141121,-101.79925190000002,2020-07-27,9,2
16071.0,Oneida,Idaho,42.19494279999999,-112.5407838,2020-07-27,8,0
41055.0,Sherman,Oregon,45.41501554,-120.6827834,2020-07-27,8,0
8017.0,Cheyenne,Colorado,38.82777431,-102.6032558,2020-07-27,8,0
46039.0,Deuel,South Dakota,44.75994309,-96.66943645,2020-07-27,8,0
20089.0,Jewell,Kansas,39.78470589,-98.21820662,2020-07-27,8,0
20077.0,Harper,Kansas,37.19175361,-98.07578384,2020-07-27,8,0
48243.0,Jeff Davis,Texas,30.71490589,-104.1399973,2020-07-27,8,0
46019.0,Butte,South Dakota,44.90608745,-103.5079318,2020-07-27,8,1
26153.0,Schoolcraft,Michigan,46.19235734,-86.19972234,2020-07-27,8,0
31077.0,Greeley,Nebraska,41.56742671,-98.52150266,2020-07-27,8,0
21237.0,Wolfe,Kentucky,37.73941626,-83.49303612,2020-07-27,8,0
29085.0,Hickory,Missouri,37.94163617,-93.3203037,2020-07-27,8,0
38069.0,Pierce,North Dakota,48.24977025,-99.96407787,2020-07-27,8,0
16059.0,Lemhi,Idaho,44.9438088,-113.9309747,2020-07-27,8,0
20117.0,Marshall,Kansas,39.78359669,-96.52278974,2020-07-27,8,0
17155.0,Putnam,Illinois,41.2013541,-89.2869272,2020-07-27,8,0
8057.0,Jackson,Colorado,40.66593870000001,-106.3408905,2020-07-27,8,0
54093.0,Tucker,West Virginia,39.11240885,-79.57053576,2020-07-27,8,0
46091.0,Marshall,South Dakota,45.75870838,-97.59855639,2020-07-27,8,0
29129.0,Mercer,Missouri,40.42212303,-93.5682959,2020-07-27,8,0
30073.0,Pondera,Montana,48.22773388,-112.2252703,2020-07-27,8,0
54007.0,Braxton,West Virginia,38.70036159,-80.72011184,2020-07-27,8,0
38081.0,Sargent,North Dakota,46.10830372,-97.63217159,2020-07-27,8,0
20205.0,Wilson,Kansas,37.55937174,-95.74323255,2020-07-27,8,0
30105.0,Valley,Montana,48.36435097,-106.6669635,2020-07-27,8,0
30005.0,Blaine,Montana,48.43175214,-108.9582723,2020-07-27,7,0
90050.0,Unassigned,Vermont,0.0,0.0,2020-07-27,7,81
36041.0,Hamilton,New York,43.66146647,-74.49721957,2020-07-27,7,0
40053.0,Grant,Oklahoma,36.796297,-97.78638765,2020-07-27,7,0
46071.0,Jackson,South Dakota,43.69318385,-101.6255063,2020-07-27,7,1
54073.0,Pleasants,West Virginia,39.37091679,-81.16771771,2020-07-27,7,0
46059.0,Hand,South Dakota,44.54708407,-99.00386459,2020-07-27,7,0
41025.0,Harney,Oregon,43.06422669,-118.9666306,2020-07-27,7,0
16037.0,Custer,Idaho,44.24186819,-114.2855494,2020-07-27,7,0
31011.0,Boone,Nebraska,41.70759415,-98.06737183,2020-07-27,7,0
30089.0,Sanders,Montana,47.67657534,-115.1329916,2020-07-27,7,0
31125.0,Nance,Nebraska,41.39750195,-97.99327291,2020-07-27,7,0
13265.0,Taliaferro,Georgia,33.56543317,-82.88136816,2020-07-27,7,0
48311.0,McMullen,Texas,28.35251708,-98.56769164,2020-07-27,7,0
21063.0,Elliott,Kentucky,38.11624059,-83.09771563,2020-07-27,7,0
20179.0,Sheridan,Kansas,39.35018161,-100.4418259,2020-07-27,7,0
51021.0,Bland,Virginia,37.13128068,-81.13599391,2020-07-27,7,0
17151.0,Pope,Illinois,37.41391284,-88.56152109,2020-07-27,7,0
20127.0,Morris,Kansas,38.68827511,-96.65128437,2020-07-27,7,0
20145.0,Pawnee,Kansas,38.18108732,-99.23692334,2020-07-27,7,0
26119.0,Montmorency,Michigan,45.0275929,-84.12696227,2020-07-27,7,0
48101.0,Cottle,Texas,34.07783319,-100.2785062,2020-07-27,7,2
46137.0,Ziebach,South Dakota,44.97881876,-101.6654622,2020-07-27,7,0
20095.0,Kingman,Kansas,37.55909527,-98.13638678,2020-07-27,7,0
23029.0,Washington,Maine,45.01607142,-67.62813524,2020-07-27,7,0
42053.0,Forest,Pennsylvania,41.51095103,-79.23229292,2020-07-27,7,0
48087.0,Collingsworth,Texas,34.96489496,-100.2700111,2020-07-27,6,0
8055.0,Huerfano,Colorado,37.68473101,-104.9612585,2020-07-27,6,1
35033.0,Mora,New Mexico,36.01095101,-104.9497716,2020-07-27,6,0
17175.0,Stark,Illinois,41.09309773,-89.79745866,2020-07-27,6,0
21189.0,Owsley,Kentucky,37.42823949,-83.68811419,2020-07-27,6,0
20017.0,Chase,Kansas,38.30292938,-96.59563862,2020-07-27,6,0
20097.0,Kiowa,Kansas,37.55848695,-99.2856537,2020-07-27,6,0
48173.0,Glasscock,Texas,31.86942909,-101.5207776,2020-07-27,6,0
54013.0,Calhoun,West Virginia,38.84315422,-81.11934872,2020-07-27,6,0
48191.0,Hall,Texas,34.5307555,-100.6813852,2020-07-27,6,1
54105.0,Wirt,West Virginia,39.02775007,-81.37473928,2020-07-27,6,0
30039.0,Granite,Montana,46.40605220000001,-113.4414186,2020-07-27,6,0
2060.0,Bristol Bay,Alaska,58.74513976,-156.701064,2020-07-27,6,0
20105.0,Lincoln,Kansas,39.04549684,-98.20756994,2020-07-27,6,0
48235.0,Irion,Texas,31.30375559,-100.982439,2020-07-27,6,0
54089.0,Summers,West Virginia,37.65390597,-80.86009693,2020-07-27,6,0
38011.0,Bowman,North Dakota,46.11285362,-103.5203343,2020-07-27,6,0
16007.0,Bear Lake,Idaho,42.28269683,-111.32892379999998,2020-07-27,6,0
8103.0,Rio Blanco,Colorado,39.97913541,-108.2179009,2020-07-27,6,0
46053.0,Gregory,South Dakota,43.19419064,-99.18883902,2020-07-27,6,0
40043.0,Dewey,Oklahoma,35.98772922,-99.00730714,2020-07-27,6,0
2195.0,Petersburg,Alaska,57.13978948,-132.9540995,2020-07-27,6,1
17171.0,Scott,Illinois,39.6429169,-90.47814431,2020-07-27,6,0
38065.0,Oliver,North Dakota,47.11530482,-101.3406158,2020-07-27,6,0
48393.0,Roberts,Texas,35.83809685,-100.813175,2020-07-27,6,0
17013.0,Calhoun,Illinois,39.16840183,-90.66330078,2020-07-27,6,0
40129.0,Roger Mills,Oklahoma,35.68711719,-99.69666167,2020-07-27,6,0
17047.0,Edwards,Illinois,38.41353228,-88.05720863,2020-07-27,6,0
31163.0,Sherman,Nebraska,41.22045983,-98.97588642,2020-07-27,6,0
38041.0,Hettinger,North Dakota,46.43375068,-102.4632417,2020-07-27,6,0
46089.0,McPherson,South Dakota,45.76626028,-99.22118798,2020-07-27,6,0
8073.0,Lincoln,Colorado,38.98749519,-103.5136649,2020-07-27,6,0
27073.0,Lac qui Parle,Minnesota,44.9973857,-96.17488219,2020-07-27,6,0
31089.0,Holt,Nebraska,42.45522056,-98.78402558,2020-07-27,6,0
20039.0,Decatur,Kansas,39.78468441,-100.4594081,2020-07-27,5,0
31031.0,Cherry,Nebraska,42.54502621,-101.1244332,2020-07-27,5,0
2150.0,Kodiak Island,Alaska,57.65529415,-153.7493579,2020-07-27,5,0
53069.0,Wahkiakum,Washington,46.29180039999999,-123.4250831,2020-07-27,5,0
20165.0,Rush,Kansas,38.52275276,-99.30863983,2020-07-27,5,0
2275.0,Wrangell,Alaska,56.3202004,-132.05837309999998,2020-07-27,5,0
38095.0,Towner,North Dakota,48.68565745,-99.24564265,2020-07-27,5,0
38083.0,Sheridan,North Dakota,47.57700669,-100.3426391,2020-07-27,5,0
56031.0,Platte,Wyoming,42.13299116,-104.966331,2020-07-27,5,0
31133.0,Pawnee,Nebraska,40.13141096,-96.23705437,2020-07-27,5,0
31129.0,Nuckolls,Nebraska,40.17637905,-98.04743961,2020-07-27,5,0
20195.0,Trego,Kansas,38.91467218,-99.87284448,2020-07-27,5,0
56045.0,Weston,Wyoming,43.83961191,-104.5674881,2020-07-27,5,0
42023.0,Cameron,Pennsylvania,41.43625568,-78.20376845,2020-07-27,5,0
55037.0,Florence,Wisconsin,45.84963535,-88.39804137,2020-07-27,5,0
26013.0,Baraga,Michigan,46.6720582,-88.36363591,2020-07-27,5,0
31165.0,Sioux,Nebraska,42.48932059,-103.7576544,2020-07-27,5,0
20135.0,Ness,Kansas,38.47974157,-99.91547333,2020-07-27,5,0
29227.0,Worth,Missouri,40.47945588,-94.42328751,2020-07-27,5,0
48023.0,Baylor,Texas,33.61640794,-99.21352901,2020-07-27,5,0
26003.0,Alger,Michigan,46.41292944,-86.60260122,2020-07-27,5,0
20019.0,Chautauqua,Kansas,37.14994405,-96.2454192,2020-07-27,5,0
8011.0,Bent,Colorado,37.95474293,-103.0720195,2020-07-27,5,0
20101.0,Lane,Kansas,38.48119447,-100.4660754,2020-07-27,5,0
40057.0,Harmon,Oklahoma,34.7440135,-99.84741652,2020-07-27,5,0
46007.0,Bennett,South Dakota,43.19486375,-101.6665572,2020-07-27,5,0
38063.0,Nelson,North Dakota,47.9226426,-98.19038437,2020-07-27,5,0
29103.0,Knox,Missouri,40.12699751,-92.14780832,2020-07-27,5,0
30097.0,Sweet Grass,Montana,45.81367654,-109.9425686,2020-07-27,4,1
31045.0,Dawes,Nebraska,42.71985036,-103.1313774,2020-07-27,4,0
31117.0,McPherson,Nebraska,41.56797682,-101.0599362,2020-07-27,4,0
31091.0,Hooker,Nebraska,41.91586243,-101.1354293,2020-07-27,4,0
50009.0,Essex,Vermont,44.72736416,-71.73579864,2020-07-27,4,0
40045.0,Ellis,Oklahoma,36.2180194,-99.75324573,2020-07-27,4,0
2282.0,Yakutat,Alaska,59.8909808,-140.36014509999998,2020-07-27,4,0
2198.0,Prince of Wales-Hyder,Alaska,55.76261984,-133.0511621,2020-07-27,4,0
46105.0,Perkins,South Dakota,45.49049506,-102.4755586,2020-07-27,4,0
48345.0,Motley,Texas,34.07408766,-100.779722,2020-07-27,4,0
35003.0,Catron,New Mexico,33.91514144,-108.4046587,2020-07-27,4,1
40059.0,Harper,Oklahoma,36.78836519,-99.6679804,2020-07-27,4,0
31029.0,Chase,Nebraska,40.5237198,-101.6978026,2020-07-27,4,0
20007.0,Barber,Kansas,37.2288586,-98.68460053,2020-07-27,4,0
48433.0,Stonewall,Texas,33.17906744,-100.2538401,2020-07-27,4,0
31069.0,Garden,Nebraska,41.61703149,-102.3313973,2020-07-27,4,0
2016.0,Aleutians West,Alaska,52.3233,-174.1596,2020-07-27,4,0
38033.0,Golden Valley,North Dakota,46.94022281,-103.8465421,2020-07-27,4,0
30059.0,Meagher,Montana,46.59907074,-110.8898557,2020-07-27,4,0
2158.0,Kusilvak,Alaska,62.15429159999999,-163.39678830000005,2020-07-27,4,0
48011.0,Armstrong,Texas,34.96507426,-101.3574874,2020-07-27,4,0
48125.0,Dickens,Texas,33.61616822,-100.7788855,2020-07-27,4,1
29171.0,Putnam,Missouri,40.47942497,-93.02042674,2020-07-27,4,0
30027.0,Fergus,Montana,47.26331584,-109.2245206,2020-07-27,4,0
29153.0,Ozark,Missouri,36.64916339,-92.44459066,2020-07-27,4,0
2100.0,Haines,Alaska,59.09893571,-135.4679843,2020-07-27,4,0
80017.0,Out of IL,Illinois,0.0,0.0,2020-07-27,4,1
48261.0,Kenedy,Texas,26.92601662,-97.66413984,2020-07-27,4,0
38037.0,Grant,North Dakota,46.35821257,-101.6390013,2020-07-27,4,0
21129.0,Lee,Kentucky,37.59645942,-83.71513901,2020-07-27,3,0
31071.0,Garfield,Nebraska,41.91428955,-98.99111827,2020-07-27,3,0
6105.0,Trinity,California,40.64917670000001,-123.114713,2020-07-27,3,0
8053.0,Hinsdale,Colorado,37.82247444,-107.3004345,2020-07-27,3,0
32029.0,Storey,Nevada,39.44875482,-119.5250207,2020-07-27,3,0
31063.0,Frontier,Nebraska,40.52993007,-100.3924658,2020-07-27,3,0
90021.0,Unassigned,Kentucky,0.0,0.0,2020-07-27,3,0
41021.0,Gilliam,Oregon,45.37160076,-120.2048869,2020-07-27,3,0
20063.0,Gove,Kansas,38.91588178,-100.4829321,2020-07-27,3,0
51017.0,Bath,Virginia,38.05852573,-79.73912095,2020-07-27,3,0
20071.0,Greeley,Kansas,38.4808095,-101.8061079,2020-07-27,3,0
23021.0,Piscataquis,Maine,45.83839062,-69.2860223,2020-07-27,3,0
90026.0,Unassigned,Michigan,0.0,0.0,2020-07-27,3,15
20183.0,Smith,Kansas,39.78516566,-98.78566062,2020-07-27,3,0
30015.0,Chouteau,Montana,47.88084126,-110.4353362,2020-07-27,3,0
54101.0,Webster,West Virginia,38.49370949,-80.4202023,2020-07-27,3,0
51091.0,Highland,Virginia,38.35799465,-79.56124594,2020-07-27,3,0
20141.0,Osborne,Kansas,39.3503437,-98.76753828,2020-07-27,3,0
46069.0,Hyde,South Dakota,44.54747703,-99.48572582,2020-07-27,3,0
38087.0,Slope,North Dakota,46.44737738,-103.4601547,2020-07-27,3,0
27069.0,Kittson,Minnesota,48.77754106,-96.78317184,2020-07-27,3,0
26131.0,Ontonagon,Michigan,46.665226200000006,-89.31390481,2020-07-27,3,0
40003.0,Alfalfa,Oklahoma,36.73090616,-98.32408495,2020-07-27,3,0
26095.0,Luce,Michigan,46.47227431,-85.54471223,2020-07-27,3,0
32017.0,Lincoln,Nevada,37.64268459,-114.8790388,2020-07-27,3,0
30091.0,Sheridan,Montana,48.72085833,-104.503829,2020-07-27,3,0
20033.0,Comanche,Kansas,37.19114520000001,-99.27113247,2020-07-27,3,0
30037.0,Golden Valley,Montana,46.3816474,-109.1768522,2020-07-27,3,0
54085.0,Ritchie,West Virginia,39.18094587,-81.06356878,2020-07-27,3,0
6003.0,Alpine,California,38.59678594,-119.8223594,2020-07-27,2,0
29087.0,Holt,Missouri,40.09799248,-95.2163888,2020-07-27,2,0
29045.0,Clark,Missouri,40.41040752,-91.73661677,2020-07-27,2,0
48447.0,Throckmorton,Texas,33.17751417,-99.21226795,2020-07-27,2,0
31149.0,Rock,Nebraska,42.42252217,-99.44832069,2020-07-27,2,0
48443.0,Terrell,Texas,30.22429013,-102.0766732,2020-07-27,2,0
26083.0,Keweenaw,Michigan,47.63197653,-88.41434263,2020-07-27,2,0
27031.0,Cook,Minnesota,47.90504893,-90.52629546,2020-07-27,2,0
41023.0,Grant,Oregon,44.49024544,-119.0068631,2020-07-27,2,0
20023.0,Cheyenne,Kansas,39.78580976,-101.7318201,2020-07-27,2,0
48263.0,Kent,Texas,33.18104136,-100.7780939,2020-07-27,2,0
54017.0,Doddridge,West Virginia,39.27057157,-80.70671527,2020-07-27,2,0
90019.0,Unassigned,Iowa,0.0,0.0,2020-07-27,2,192
32011.0,Eureka,Nevada,39.98100864,-116.2683204,2020-07-27,2,0
20201.0,Washington,Kansas,39.78420784,-97.0875323,2020-07-27,2,0
56027.0,Niobrara,Wyoming,43.05607708,-104.4758896,2020-07-27,2,0
31007.0,Banner,Nebraska,41.54634427,-103.7114332,2020-07-27,2,0
30103.0,Treasure,Montana,46.20973220000001,-107.2666516,2020-07-27,2,0
20109.0,Logan,Kansas,38.91735806,-101.148475,2020-07-27,2,0
48155.0,Foard,Texas,33.97308618,-99.7767797,2020-07-27,2,0
21201.0,Robertson,Kentucky,38.51923469,-84.05055616,2020-07-27,2,0
20203.0,Wichita,Kansas,38.48178252,-101.3471509,2020-07-27,2,0
30107.0,Wheatland,Montana,46.46652491,-109.8464636,2020-07-27,2,0
8111.0,San Juan,Colorado,37.76248981,-107.67632890000002,2020-07-27,2,0
30025.0,Fallon,Montana,46.33478338,-104.4183565,2020-07-27,2,0
20185.0,Stafford,Kansas,38.03100851,-98.71762001,2020-07-27,2,0
53023.0,Garfield,Washington,46.43197502,-117.5454032,2020-07-27,2,0
38023.0,Divide,North Dakota,48.814938700000006,-103.4873611,2020-07-27,1,0
2068.0,Denali,Alaska,63.67264044,-150.0076108,2020-07-27,1,0
2070.0,Dillingham,Alaska,59.79603738,-158.23819419999995,2020-07-27,1,0
46021.0,Campbell,South Dakota,45.77074915,-100.0510181,2020-07-27,1,0
35021.0,Harding,New Mexico,35.85751555,-103.8220938,2020-07-27,1,0
30075.0,Powder River,Montana,45.39617714,-105.636738,2020-07-27,1,0
38047.0,Logan,North Dakota,46.45729487,-99.47719806,2020-07-27,1,0
31183.0,Wheeler,Nebraska,41.91482725,-98.52798941,2020-07-27,1,0
16025.0,Camas,Idaho,43.46665742,-114.8065892,2020-07-27,1,0
38007.0,Billings,North Dakota,47.02366884,-103.3762965,2020-07-27,1,0
2013.0,Aleutians East,Alaska,55.32222414,-161.9722021,2020-07-27,1,0
46107.0,Potter,South Dakota,45.06583079,-99.95498503,2020-07-27,1,0
20049.0,Elk,Kansas,37.45338105,-96.24369667,2020-07-27,1,0
46055.0,Haakon,South Dakota,44.29299053,-101.539099,2020-07-27,1,0
90023.0,Unassigned,Maine,0.0,0.0,2020-07-27,1,0
40025.0,Cimarron,Oklahoma,36.74817177,-102.5173885,2020-07-27,1,0
31171.0,Thomas,Nebraska,41.91358968,-100.5556632,2020-07-27,1,0
48431.0,Sterling,Texas,31.82781912,-101.0500746,2020-07-27,1,0
31049.0,Deuel,Nebraska,41.11168186,-102.3333331,2020-07-27,1,0
30109.0,Wibaux,Montana,46.95925154,-104.2510927,2020-07-27,1,0
30051.0,Liberty,Montana,48.56084317,-111.024307,2020-07-27,1,0
16061.0,Lewis,Idaho,46.23315327,-116.434146,2020-07-27,1,0
30019.0,Daniels,Montana,48.78420029,-105.54763429999998,2020-07-27,1,0
30065.0,Musselshell,Montana,46.49684637,-108.39498,2020-07-27,1,0
30045.0,Judith Basin,Montana,47.04581276,-110.2660688,2020-07-27,1,0
31015.0,Boyd,Nebraska,42.8997274,-98.76486568,2020-07-27,1,0
16033.0,Clark,Idaho,44.28496071,-112.3505704,2020-07-27,1,0
46075.0,Jones,South Dakota,43.96278565,-100.6940008,2020-07-27,1,0
31083.0,Harlan,Nebraska,40.17658508,-99.40438879,2020-07-27,1,0
27077.0,Lake of the Woods,Minnesota,48.77217001,-94.90274472,2020-07-27,1,0
31087.0,Hitchcock,Nebraska,40.17609175,-101.0416477,2020-07-27,1,0
8033.0,Dolores,Colorado,37.75208676,-108.5211585,2020-07-27,1,0
6091.0,Sierra,California,39.57713498,-120.52007009999998,2020-07-27,1,0
46119.0,Sully,South Dakota,44.71571812,-100.1278092,2020-07-27,1,0
80046.0,Out of SD,South Dakota,0.0,0.0,2020-07-27,0,0
49017.0,Garfield,Utah,37.85447192,-111.4418764,2020-07-27,0,0
80050.0,Out of VT,Vermont,0.0,0.0,2020-07-27,0,0
30011.0,Carter,Montana,45.5197966,-104.5395536,2020-07-27,0,0
90015.0,Unassigned,Hawaii,0.0,0.0,2020-07-27,0,0
90016.0,Unassigned,Idaho,0.0,0.0,2020-07-27,0,6
49057.0,Weber,Utah,41.27116049,-111.9145117,2020-07-27,0,0
90011.0,Unassigned,District of Columbia,0.0,0.0,2020-07-27,0,0
49019.0,Grand,Utah,38.98103848,-109.5704487,2020-07-27,0,0
90018.0,Unassigned,Indiana,0.0,0.0,2020-07-27,0,0
15005.0,Kalawao,Hawaii,21.17882515,-156.9583592,2020-07-27,0,0
90020.0,Unassigned,Kansas,0.0,0.0,2020-07-27,0,197
90008.0,Unassigned,Colorado,0.0,0.0,2020-07-27,0,0
16023.0,Butte,Idaho,43.72592209,-113.1735463,2020-07-27,0,0
80049.0,Out of UT,Utah,0.0,0.0,2020-07-27,0,13
90024.0,Unassigned,Maryland,0.0,0.0,2020-07-27,0,112
90006.0,Unassigned,California,0.0,0.0,2020-07-27,0,0
80053.0,Out of WA,Washington,0.0,0.0,2020-07-27,0,0
90004.0,Unassigned,Arizona,0.0,0.0,2020-07-27,0,45
80048.0,Out of TX,Texas,0.0,0.0,2020-07-27,0,0
90002.0,Unassigned,Alaska,0.0,0.0,2020-07-27,0,0
30055.0,McCone,Montana,47.64469406,-105.7944994,2020-07-27,0,0
80056.0,Out of WY,Wyoming,0.0,0.0,2020-07-27,0,0
80055.0,Out of WI,Wisconsin,0.0,0.0,2020-07-27,0,0
49009.0,Daggett,Utah,40.88798265,-109.5121093,2020-07-27,0,0
30061.0,Mineral,Montana,47.15283992,-115.0015239,2020-07-27,0,0
80051.0,Out of VA,Virginia,0.0,0.0,2020-07-27,0,0
49047.0,Uintah,Utah,40.12491499,-109.5174415,2020-07-27,0,0
90033.0,Unassigned,New Hampshire,0.0,0.0,2020-07-27,0,0
48033.0,Borden,Texas,32.74363984,-101.4316509,2020-07-27,0,0
90054.0,Unassigned,West Virginia,0.0,0.0,2020-07-27,0,0
90048.0,Unassigned,Texas,0.0,0.0,2020-07-27,0,1
90049.0,Unassigned,Utah,0.0,0.0,2020-07-27,0,3
80045.0,Out of SC,South Carolina,0.0,0.0,2020-07-27,0,0
90051.0,Unassigned,Virginia,0.0,0.0,2020-07-27,0,0
49021.0,Iron,Utah,37.85903620000001,-113.2897381,2020-07-27,0,0
36005.0,Bronx,New York,40.85209301,-73.86282755,2020-07-27,0,0
90055.0,Unassigned,Wisconsin,0.0,0.0,2020-07-27,0,0
49055.0,Wayne,Utah,38.32335822,-110.9096801,2020-07-27,0,0
90056.0,Unassigned,Wyoming,0.0,0.0,2020-07-27,0,0
46063.0,Harding,South Dakota,45.58015551,-103.4958629,2020-07-27,0,0
49027.0,Millard,Utah,39.0729209,-113.1020328,2020-07-27,0,0
49041.0,Sevier,Utah,38.74837146,-111.8050275,2020-07-27,0,0
49039.0,Sanpete,Utah,39.37231946,-111.5758676,2020-07-27,0,0
49029.0,Morgan,Utah,41.08830262,-111.5727723,2020-07-27,0,0
90045.0,Unassigned,South Carolina,0.0,0.0,2020-07-27,0,201
49023.0,Juab,Utah,39.70208397,-112.7809245,2020-07-27,0,0
25019.0,Nantucket,Massachusetts,41.2942019,-70.08774729,2020-07-27,0,0
90042.0,Unassigned,Pennsylvania,0.0,0.0,2020-07-27,0,1
90041.0,Unassigned,Oregon,0.0,0.0,2020-07-27,0,0
49025.0,Kane,Utah,37.28507306,-111.8861752,2020-07-27,0,0
90038.0,Unassigned,North Dakota,0.0,0.0,2020-07-27,0,0
90039.0,Unassigned,Ohio,0.0,0.0,2020-07-27,0,0
90037.0,Unassigned,North Carolina,0.0,0.0,2020-07-27,0,0
90036.0,Unassigned,New York,0.0,0.0,2020-07-27,0,0
25007.0,Dukes,Massachusetts,41.40674725,-70.68763497,2020-07-27,0,0
80044.0,Out of RI,Rhode Island,0.0,0.0,2020-07-27,0,0
90032.0,Unassigned,Nevada,0.0,0.0,2020-07-27,0,0
49053.0,Washington,Utah,37.28003525,-113.504698,2020-07-27,0,0
90030.0,Unassigned,Montana,0.0,0.0,2020-07-27,0,0
90029.0,Unassigned,Missouri,0.0,0.0,2020-07-27,0,40
90028.0,Unassigned,Mississippi,0.0,0.0,2020-07-27,0,0
80039.0,Out of OH,Ohio,0.0,0.0,2020-07-27,0,0
2105.0,Hoonah-Angoon,Alaska,58.29307365,-135.64244240000002,2020-07-27,0,0
80002.0,Out of AK,Alaska,0.0,0.0,2020-07-27,0,46
48301.0,Loving,Texas,31.84947612,-103.5818571,2020-07-27,0,0
80054.0,Out of WV,West Virginia,0.0,0.0,2020-07-27,0,0
2230.0,Skagway,Alaska,59.56149996,-135.3337748,2020-07-27,0,0
90046.0,Unassigned,South Dakota,0.0,0.0,2020-07-27,0,1004
36085.0,Richmond,New York,40.58582155,-74.14808598,2020-07-27,0,0
38001.0,Adams,North Dakota,46.09686891,-102.5285397,2020-07-27,0,0
36047.0,Kings,New York,40.6361825,-73.94935552,2020-07-27,0,0
30079.0,Prairie,Montana,46.86048047,-105.379384,2020-07-27,0,0
49013.0,Duchesne,Utah,40.29772254,-110.425237,2020-07-27,0,0
30077.0,Powell,Montana,46.85538891,-112.9359164,2020-07-27,0,0
36081.0,Queens,New York,40.71088124,-73.81684712,2020-07-27,0,0
2164.0,Lake and Peninsula,Alaska,58.62403337,-156.21405890000003,2020-07-27,0,0
49031.0,Piute,Utah,38.33815254,-112.1249591,2020-07-27,0,0
31113.0,Logan,Nebraska,41.56650314,-100.4817851,2020-07-27,0,0
48269.0,King,Texas,33.61643847,-100.2558057,2020-07-27,0,0
80027.0,Out of MN,Minnesota,0.0,0.0,2020-07-27,0,0
49007.0,Carbon,Utah,39.64834818,-110.5872512,2020-07-27,0,0
31009.0,Blaine,Nebraska,41.91311716,-99.97677845,2020-07-27,0,0
41069.0,Wheeler,Oregon,44.72698162,-120.02814270000002,2020-07-27,0,0
31103.0,Keya Paha,Nebraska,42.87990694,-99.71343729,2020-07-27,0,0
20199.0,Wallace,Kansas,38.91686134,-101.7638876,2020-07-27,0,0
6049.0,Modoc,California,41.58965602,-120.7244817,2020-07-27,0,0
80042.0,Out of PA,Pennsylvania,0.0,0.0,2020-07-27,0,0
32009.0,Esmeralda,Nevada,37.78436681,-117.6319999,2020-07-27,0,0
80004.0,Out of AZ,Arizona,0.0,0.0,2020-07-27,0,0
80001.0,Out of AL,Alabama,0.0,0.0,2020-07-27,0,1
49005.0,Cache,Utah,41.72330587,-111.7443667,2020-07-27,0,0
31017.0,Brown,Nebraska,42.43018907,-99.92904055,2020-07-27,0,0
8061.0,Kiowa,Colorado,38.43260896,-102.7392145,2020-07-27,0,0
49003.0,Box Elder,Utah,41.52106798,-113.0832816,2020-07-27,0,0
31057.0,Dundy,Nebraska,40.17638677,-101.6876522,2020-07-27,0,0
35011.0,De Baca,New Mexico,34.34274529,-104.4117842,2020-07-27,0,0
49001.0,Beaver,Utah,38.35657051,-113.2342232,2020-07-27,0,0
31075.0,Grant,Nebraska,41.91528587,-101.740701,2020-07-27,0,0
31085.0,Hayes,Nebraska,40.52451972,-101.0603568,2020-07-27,0,0
20153.0,Rawlins,Kansas,39.78525843,-101.0761617,2020-07-27,0,0
80005.0,Out of AR,Arkansas,0.0,0.0,2020-07-27,0,0
80034.0,Out of NJ,New Jersey,0.0,0.0,2020-07-27,0,0
80028.0,Out of MS,Mississippi,0.0,0.0,2020-07-27,0,0
80029.0,Out of MO,Missouri,0.0,0.0,2020-07-27,0,0
80030.0,Out of MT,Montana,0.0,0.0,2020-07-27,0,0
80031.0,Out of NE,Nebraska,0.0,0.0,2020-07-27,0,0
80032.0,Out of NV,Nevada,0.0,0.0,2020-07-27,0,0
80033.0,Out of NH,New Hampshire,0.0,0.0,2020-07-27,0,0
80035.0,Out of NM,New Mexico,0.0,0.0,2020-07-27,0,0
80036.0,Out of NY,New York,0.0,0.0,2020-07-27,0,0
80037.0,Out of NC,North Carolina,0.0,0.0,2020-07-27,0,0
80038.0,Out of ND,North Dakota,0.0,0.0,2020-07-27,0,0
31115.0,Loup,Nebraska,41.91371961,-99.45440415,2020-07-27,0,0
80040.0,Out of OK,Oklahoma,0.0,0.0,2020-07-27,0,0
80041.0,Out of OR,Oregon,0.0,0.0,2020-07-27,0,0
80025.0,Out of MA,Massachusetts,0.0,0.0,2020-07-27,0,0
80024.0,Out of MD,Maryland,0.0,0.0,2020-07-27,0,0
80023.0,Out of ME,Maine,0.0,0.0,2020-07-27,0,0
30071.0,Phillips,Montana,48.25936577,-107.9128511,2020-07-27,0,0
80006.0,Out of CA,California,0.0,0.0,2020-07-27,0,0
80008.0,Out of CO,Colorado,0.0,0.0,2020-07-27,0,0
80009.0,Out of CT,Connecticut,0.0,0.0,2020-07-27,0,0
80010.0,Out of DE,Delaware,0.0,0.0,2020-07-27,0,0
80011.0,Out of DC,District of Columbia,0.0,0.0,2020-07-27,0,0
80012.0,Out of FL,Florida,0.0,0.0,2020-07-27,0,0
49015.0,Emery,Utah,38.99617072,-110.7013958,2020-07-27,0,0
80022.0,Out of LA,Louisiana,0.0,0.0,2020-07-27,0,0
80016.0,Out of ID,Idaho,0.0,0.0,2020-07-27,0,74
30069.0,Petroleum,Montana,47.1182463,-108.2508876,2020-07-27,0,0
80018.0,Out of IN,Indiana,0.0,0.0,2020-07-27,0,0
80019.0,Out of IA,Iowa,0.0,0.0,2020-07-27,0,0
80020.0,Out of KS,Kansas,0.0,0.0,2020-07-27,0,0
80021.0,Out of KY,Kentucky,0.0,0.0,2020-07-27,0,0
31005.0,Arthur,Nebraska,41.56896142,-101.6959559,2020-07-27,0,0
49033.0,Rich,Utah,41.63137678,-111.2445105,2020-07-27,0,0
